"Race recode (White, Black, Other)","Sex","Primary Site - My Variable","Year of diagnosis","Age-Adjusted Rate","Count","Population"
All races,Male and female,All sites,1975-2022,24.4,201521,841521516
All races,Male and female,All sites,1975,10.3,1135,12270425
All races,Male and female,All sites,1976,10.3,1162,12526433
All races,Male and female,All sites,1977,11.4,1324,12772913
All races,Male and female,All sites,1978,11.6,1367,13027647
All races,Male and female,All sites,1979,12.1,1460,13295655
All races,Male and female,All sites,1980,13.3,1634,13563728
All races,Male and female,All sites,1981,13.7,1683,13766588
All races,Male and female,All sites,1982,13.9,1754,13930155
All races,Male and female,All sites,1983,13.9,1774,14110038
All races,Male and female,All sites,1984,14.3,1860,14302526
All races,Male and female,All sites,1985,16.1,2153,14500134
All races,Male and female,All sites,1986,16.2,2197,14698067
All races,Male and female,All sites,1987,17.0,2331,14873281
All races,Male and female,All sites,1988,16.3,2277,15058538
All races,Male and female,All sites,1989,17.2,2435,15218225
All races,Male and female,All sites,1990,17.2,2495,15413177
All races,Male and female,All sites,1991,18.0,2660,15641417
All races,Male and female,All sites,1992,18.3,2751,15912642
All races,Male and female,All sites,1993,18.2,2777,16160484
All races,Male and female,All sites,1994,19.5,3048,16406237
All races,Male and female,All sites,1995,20.6,3263,16665574
All races,Male and female,All sites,1996,21.6,3484,16917218
All races,Male and female,All sites,1997,22.1,3629,17198460
All races,Male and female,All sites,1998,21.7,3623,17458285
All races,Male and female,All sites,1999,22.5,3822,17676614
All races,Male and female,All sites,2000,23.9,4129,17915496
All races,Male and female,All sites,2001,24.2,4254,18133640
All races,Male and female,All sites,2002,23.6,4198,18293438
All races,Male and female,All sites,2003,24.2,4364,18435638
All races,Male and female,All sites,2004,26.2,4781,18604701
All races,Male and female,All sites,2005,28.6,5314,18828540
All races,Male and female,All sites,2006,28.3,5392,19112831
All races,Male and female,All sites,2007,27.8,5390,19360255
All races,Male and female,All sites,2008,29.7,5853,19632172
All races,Male and female,All sites,2009,29.7,5982,19890904
All races,Male and female,All sites,2010,30.7,6308,20117556
All races,Male and female,All sites,2011,29.2,6062,20374412
All races,Male and female,All sites,2012,29.1,6247,20635324
All races,Male and female,All sites,2013,30.6,6630,20873204
All races,Male and female,All sites,2014,32.5,7206,21125713
All races,Male and female,All sites,2015,33.1,7481,21390324
All races,Male and female,All sites,2016,32.6,7529,21668615
All races,Male and female,All sites,2017,32.5,7641,21900754
All races,Male and female,All sites,2018,32.0,7667,22104618
All races,Male and female,All sites,2019,33.2,8056,22289309
All races,Male and female,All sites,2020,27.8,6866,22422867
All races,Male and female,All sites,2021,31.9,7994,22461604
All races,Male and female,All sites,2022,31.7,8079,22585140
All races,Male and female,Head and Neck,1975-2022,5.3,43420,841521516
All races,Male and female,Head and Neck,1975,2.2,232,12270425
All races,Male and female,Head and Neck,1976,2.3,247,12526433
All races,Male and female,Head and Neck,1977,2.3,258,12772913
All races,Male and female,Head and Neck,1978,2.4,267,13027647
All races,Male and female,Head and Neck,1979,2.3,268,13295655
All races,Male and female,Head and Neck,1980,2.6,311,13563728
All races,Male and female,Head and Neck,1981,2.9,336,13766588
All races,Male and female,Head and Neck,1982,2.7,326,13930155
All races,Male and female,Head and Neck,1983,2.7,340,14110038
All races,Male and female,Head and Neck,1984,2.8,357,14302526
All races,Male and female,Head and Neck,1985,3.3,431,14500134
All races,Male and female,Head and Neck,1986,3.2,417,14698067
All races,Male and female,Head and Neck,1987,3.7,484,14873281
All races,Male and female,Head and Neck,1988,3.2,429,15058538
All races,Male and female,Head and Neck,1989,3.5,476,15218225
All races,Male and female,Head and Neck,1990,3.4,475,15413177
All races,Male and female,Head and Neck,1991,3.6,523,15641417
All races,Male and female,Head and Neck,1992,3.7,546,15912642
All races,Male and female,Head and Neck,1993,4.2,620,16160484
All races,Male and female,Head and Neck,1994,4.4,661,16406237
All races,Male and female,Head and Neck,1995,4.4,685,16665574
All races,Male and female,Head and Neck,1996,4.5,707,16917218
All races,Male and female,Head and Neck,1997,4.6,741,17198460
All races,Male and female,Head and Neck,1998,4.7,764,17458285
All races,Male and female,Head and Neck,1999,4.8,794,17676614
All races,Male and female,Head and Neck,2000,5.3,898,17915496
All races,Male and female,Head and Neck,2001,5.3,908,18133640
All races,Male and female,Head and Neck,2002,5.0,866,18293438
All races,Male and female,Head and Neck,2003,5.3,944,18435638
All races,Male and female,Head and Neck,2004,5.8,1032,18604701
All races,Male and female,Head and Neck,2005,6.3,1158,18828540
All races,Male and female,Head and Neck,2006,6.2,1165,19112831
All races,Male and female,Head and Neck,2007,5.9,1131,19360255
All races,Male and female,Head and Neck,2008,6.8,1321,19632172
All races,Male and female,Head and Neck,2009,6.9,1373,19890904
All races,Male and female,Head and Neck,2010,7.0,1418,20117556
All races,Male and female,Head and Neck,2011,6.8,1393,20374412
All races,Male and female,Head and Neck,2012,6.4,1340,20635324
All races,Male and female,Head and Neck,2013,7.1,1530,20873204
All races,Male and female,Head and Neck,2014,7.5,1651,21125713
All races,Male and female,Head and Neck,2015,7.1,1591,21390324
All races,Male and female,Head and Neck,2016,7.3,1669,21668615
All races,Male and female,Head and Neck,2017,7.4,1697,21900754
All races,Male and female,Head and Neck,2018,7.0,1674,22104618
All races,Male and female,Head and Neck,2019,7.6,1824,22289309
All races,Male and female,Head and Neck,2020,6.1,1484,22422867
All races,Male and female,Head and Neck,2021,7.1,1795,22461604
All races,Male and female,Head and Neck,2022,7.3,1863,22585140
All races,Male and female,Trunk,1975-2022,8.2,67788,841521516
All races,Male and female,Trunk,1975,3.2,365,12270425
All races,Male and female,Trunk,1976,3.2,365,12526433
All races,Male and female,Trunk,1977,3.9,449,12772913
All races,Male and female,Trunk,1978,3.7,454,13027647
All races,Male and female,Trunk,1979,4.5,538,13295655
All races,Male and female,Trunk,1980,4.7,576,13563728
All races,Male and female,Trunk,1981,4.4,557,13766588
All races,Male and female,Trunk,1982,4.6,597,13930155
All races,Male and female,Trunk,1983,4.7,602,14110038
All races,Male and female,Trunk,1984,4.7,625,14302526
All races,Male and female,Trunk,1985,5.5,755,14500134
All races,Male and female,Trunk,1986,6.0,827,14698067
All races,Male and female,Trunk,1987,5.7,795,14873281
All races,Male and female,Trunk,1988,5.9,824,15058538
All races,Male and female,Trunk,1989,6.0,866,15218225
All races,Male and female,Trunk,1990,6.3,925,15413177
All races,Male and female,Trunk,1991,6.1,918,15641417
All races,Male and female,Trunk,1992,6.5,980,15912642
All races,Male and female,Trunk,1993,6.3,969,16160484
All races,Male and female,Trunk,1994,6.7,1048,16406237
All races,Male and female,Trunk,1995,6.9,1101,16665574
All races,Male and female,Trunk,1996,7.6,1240,16917218
All races,Male and female,Trunk,1997,7.6,1254,17198460
All races,Male and female,Trunk,1998,7.4,1251,17458285
All races,Male and female,Trunk,1999,7.7,1311,17676614
All races,Male and female,Trunk,2000,7.9,1376,17915496
All races,Male and female,Trunk,2001,8.0,1417,18133640
All races,Male and female,Trunk,2002,8.2,1465,18293438
All races,Male and female,Trunk,2003,8.0,1451,18435638
All races,Male and female,Trunk,2004,8.6,1572,18604701
All races,Male and female,Trunk,2005,9.5,1777,18828540
All races,Male and female,Trunk,2006,9.8,1877,19112831
All races,Male and female,Trunk,2007,9.3,1807,19360255
All races,Male and female,Trunk,2008,9.8,1929,19632172
All races,Male and female,Trunk,2009,9.5,1927,19890904
All races,Male and female,Trunk,2010,9.8,2042,20117556
All races,Male and female,Trunk,2011,9.5,1981,20374412
All races,Male and female,Trunk,2012,9.9,2132,20635324
All races,Male and female,Trunk,2013,9.8,2126,20873204
All races,Male and female,Trunk,2014,10.5,2348,21125713
All races,Male and female,Trunk,2015,11.3,2578,21390324
All races,Male and female,Trunk,2016,10.7,2478,21668615
All races,Male and female,Trunk,2017,10.9,2580,21900754
All races,Male and female,Trunk,2018,10.8,2584,22104618
All races,Male and female,Trunk,2019,10.7,2629,22289309
All races,Male and female,Trunk,2020,9.1,2237,22422867
All races,Male and female,Trunk,2021,10.6,2662,22461604
All races,Male and female,Trunk,2022,10.2,2621,22585140
All races,Male and female,Arm (shoulder to finger),1975-2022,6.3,51817,841521516
All races,Male and female,Arm (shoulder to finger),1975,2.4,267,12270425
All races,Male and female,Arm (shoulder to finger),1976,2.5,282,12526433
All races,Male and female,Arm (shoulder to finger),1977,2.6,308,12772913
All races,Male and female,Arm (shoulder to finger),1978,2.7,323,13027647
All races,Male and female,Arm (shoulder to finger),1979,2.8,343,13295655
All races,Male and female,Arm (shoulder to finger),1980,3.3,406,13563728
All races,Male and female,Arm (shoulder to finger),1981,3.4,410,13766588
All races,Male and female,Arm (shoulder to finger),1982,3.2,395,13930155
All races,Male and female,Arm (shoulder to finger),1983,3.4,428,14110038
All races,Male and female,Arm (shoulder to finger),1984,3.5,457,14302526
All races,Male and female,Arm (shoulder to finger),1985,3.8,506,14500134
All races,Male and female,Arm (shoulder to finger),1986,3.6,479,14698067
All races,Male and female,Arm (shoulder to finger),1987,4.1,563,14873281
All races,Male and female,Arm (shoulder to finger),1988,3.8,544,15058538
All races,Male and female,Arm (shoulder to finger),1989,4.1,581,15218225
All races,Male and female,Arm (shoulder to finger),1990,4.0,574,15413177
All races,Male and female,Arm (shoulder to finger),1991,4.5,661,15641417
All races,Male and female,Arm (shoulder to finger),1992,4.6,696,15912642
All races,Male and female,Arm (shoulder to finger),1993,4.2,631,16160484
All races,Male and female,Arm (shoulder to finger),1994,4.7,737,16406237
All races,Male and female,Arm (shoulder to finger),1995,5.2,820,16665574
All races,Male and female,Arm (shoulder to finger),1996,5.3,848,16917218
All races,Male and female,Arm (shoulder to finger),1997,5.6,902,17198460
All races,Male and female,Arm (shoulder to finger),1998,5.5,912,17458285
All races,Male and female,Arm (shoulder to finger),1999,5.3,905,17676614
All races,Male and female,Arm (shoulder to finger),2000,5.8,1005,17915496
All races,Male and female,Arm (shoulder to finger),2001,6.1,1057,18133640
All races,Male and female,Arm (shoulder to finger),2002,6.0,1061,18293438
All races,Male and female,Arm (shoulder to finger),2003,6.1,1096,18435638
All races,Male and female,Arm (shoulder to finger),2004,6.8,1247,18604701
All races,Male and female,Arm (shoulder to finger),2005,7.3,1353,18828540
All races,Male and female,Arm (shoulder to finger),2006,7.0,1344,19112831
All races,Male and female,Arm (shoulder to finger),2007,7.3,1417,19360255
All races,Male and female,Arm (shoulder to finger),2008,7.4,1476,19632172
All races,Male and female,Arm (shoulder to finger),2009,8.0,1599,19890904
All races,Male and female,Arm (shoulder to finger),2010,8.0,1642,20117556
All races,Male and female,Arm (shoulder to finger),2011,7.8,1629,20374412
All races,Male and female,Arm (shoulder to finger),2012,7.5,1642,20635324
All races,Male and female,Arm (shoulder to finger),2013,8.0,1759,20873204
All races,Male and female,Arm (shoulder to finger),2014,8.8,1951,21125713
All races,Male and female,Arm (shoulder to finger),2015,8.8,1992,21390324
All races,Male and female,Arm (shoulder to finger),2016,9.0,2097,21668615
All races,Male and female,Arm (shoulder to finger),2017,8.5,2017,21900754
All races,Male and female,Arm (shoulder to finger),2018,8.6,2076,22104618
All races,Male and female,Arm (shoulder to finger),2019,8.8,2168,22289309
All races,Male and female,Arm (shoulder to finger),2020,7.4,1861,22422867
All races,Male and female,Arm (shoulder to finger),2021,8.3,2096,22461604
All races,Male and female,Arm (shoulder to finger),2022,8.7,2254,22585140
All races,Male and female,Leg (hip to toe),1975-2022,4.7,38496,841521516
All races,Male and female,Leg (hip to toe),1975,2.5,271,12270425
All races,Male and female,Leg (hip to toe),1976,2.4,268,12526433
All races,Male and female,Leg (hip to toe),1977,2.7,309,12772913
All races,Male and female,Leg (hip to toe),1978,2.7,323,13027647
All races,Male and female,Leg (hip to toe),1979,2.5,311,13295655
All races,Male and female,Leg (hip to toe),1980,2.7,341,13563728
All races,Male and female,Leg (hip to toe),1981,3.1,380,13766588
All races,Male and female,Leg (hip to toe),1982,3.5,436,13930155
All races,Male and female,Leg (hip to toe),1983,3.1,404,14110038
All races,Male and female,Leg (hip to toe),1984,3.2,421,14302526
All races,Male and female,Leg (hip to toe),1985,3.5,461,14500134
All races,Male and female,Leg (hip to toe),1986,3.5,474,14698067
All races,Male and female,Leg (hip to toe),1987,3.5,489,14873281
All races,Male and female,Leg (hip to toe),1988,3.4,480,15058538
All races,Male and female,Leg (hip to toe),1989,3.6,512,15218225
All races,Male and female,Leg (hip to toe),1990,3.6,521,15413177
All races,Male and female,Leg (hip to toe),1991,3.7,558,15641417
All races,Male and female,Leg (hip to toe),1992,3.5,529,15912642
All races,Male and female,Leg (hip to toe),1993,3.6,557,16160484
All races,Male and female,Leg (hip to toe),1994,3.8,602,16406237
All races,Male and female,Leg (hip to toe),1995,4.1,657,16665574
All races,Male and female,Leg (hip to toe),1996,4.2,689,16917218
All races,Male and female,Leg (hip to toe),1997,4.4,732,17198460
All races,Male and female,Leg (hip to toe),1998,4.1,696,17458285
All races,Male and female,Leg (hip to toe),1999,4.7,812,17676614
All races,Male and female,Leg (hip to toe),2000,4.9,850,17915496
All races,Male and female,Leg (hip to toe),2001,4.9,872,18133640
All races,Male and female,Leg (hip to toe),2002,4.5,806,18293438
All races,Male and female,Leg (hip to toe),2003,4.8,873,18435638
All races,Male and female,Leg (hip to toe),2004,5.0,930,18604701
All races,Male and female,Leg (hip to toe),2005,5.4,1026,18828540
All races,Male and female,Leg (hip to toe),2006,5.3,1006,19112831
All races,Male and female,Leg (hip to toe),2007,5.3,1035,19360255
All races,Male and female,Leg (hip to toe),2008,5.7,1127,19632172
All races,Male and female,Leg (hip to toe),2009,5.4,1083,19890904
All races,Male and female,Leg (hip to toe),2010,5.9,1206,20117556
All races,Male and female,Leg (hip to toe),2011,5.1,1059,20374412
All races,Male and female,Leg (hip to toe),2012,5.3,1133,20635324
All races,Male and female,Leg (hip to toe),2013,5.6,1215,20873204
All races,Male and female,Leg (hip to toe),2014,5.7,1256,21125713
All races,Male and female,Leg (hip to toe),2015,5.9,1320,21390324
All races,Male and female,Leg (hip to toe),2016,5.7,1285,21668615
All races,Male and female,Leg (hip to toe),2017,5.8,1347,21900754
All races,Male and female,Leg (hip to toe),2018,5.6,1333,22104618
All races,Male and female,Leg (hip to toe),2019,6.0,1435,22289309
All races,Male and female,Leg (hip to toe),2020,5.3,1284,22422867
All races,Male and female,Leg (hip to toe),2021,5.8,1441,22461604
All races,Male and female,Leg (hip to toe),2022,5.4,1341,22585140
All races,Male,All sites,1975-2022,30.6,113118,411348845
All races,Male,All sites,1975,11.1,557,5940293
All races,Male,All sites,1976,10.8,573,6066708
All races,Male,All sites,1977,12.3,651,6183531
All races,Male,All sites,1978,12.0,648,6304757
All races,Male,All sites,1979,12.8,709,6434477
All races,Male,All sites,1980,14.8,825,6562981
All races,Male,All sites,1981,14.5,807,6661878
All races,Male,All sites,1982,15.5,885,6741691
All races,Male,All sites,1983,15.5,900,6832059
All races,Male,All sites,1984,15.8,926,6929434
All races,Male,All sites,1985,18.9,1133,7027803
All races,Male,All sites,1986,19.2,1179,7129499
All races,Male,All sites,1987,19.7,1206,7216079
All races,Male,All sites,1988,18.6,1156,7308895
All races,Male,All sites,1989,20.2,1289,7387431
All races,Male,All sites,1990,20.4,1330,7488078
All races,Male,All sites,1991,21.2,1410,7602113
All races,Male,All sites,1992,22.2,1487,7740660
All races,Male,All sites,1993,22.8,1543,7864297
All races,Male,All sites,1994,24.4,1693,7987985
All races,Male,All sites,1995,25.1,1788,8120235
All races,Male,All sites,1996,26.9,1946,8246240
All races,Male,All sites,1997,26.8,1971,8386881
All races,Male,All sites,1998,26.7,1999,8518082
All races,Male,All sites,1999,27.9,2131,8632419
All races,Male,All sites,2000,29.7,2300,8759397
All races,Male,All sites,2001,29.6,2336,8873260
All races,Male,All sites,2002,29.5,2348,8951278
All races,Male,All sites,2003,30.1,2441,9014456
All races,Male,All sites,2004,32.3,2659,9094909
All races,Male,All sites,2005,35.5,2991,9206402
All races,Male,All sites,2006,35.4,3065,9349245
All races,Male,All sites,2007,35.4,3084,9467336
All races,Male,All sites,2008,37.8,3358,9606228
All races,Male,All sites,2009,37.9,3466,9735989
All races,Male,All sites,2010,38.6,3591,9848774
All races,Male,All sites,2011,36.9,3494,9985782
All races,Male,All sites,2012,37.2,3663,10125727
All races,Male,All sites,2013,39.0,3870,10255386
All races,Male,All sites,2014,40.8,4182,10391747
All races,Male,All sites,2015,41.1,4309,10534754
All races,Male,All sites,2016,40.7,4369,10685237
All races,Male,All sites,2017,40.5,4427,10810852
All races,Male,All sites,2018,40.7,4511,10923121
All races,Male,All sites,2019,41.2,4644,11024621
All races,Male,All sites,2020,34.3,3968,11101398
All races,Male,All sites,2021,39.2,4613,11115351
All races,Male,All sites,2022,39.2,4687,11173089
All races,Male,Head and Neck,1975-2022,8.9,30961,411348845
All races,Male,Head and Neck,1975,3.1,138,5940293
All races,Male,Head and Neck,1976,2.8,146,6066708
All races,Male,Head and Neck,1977,3.1,157,6183531
All races,Male,Head and Neck,1978,3.3,158,6304757
All races,Male,Head and Neck,1979,3.0,152,6434477
All races,Male,Head and Neck,1980,3.6,181,6562981
All races,Male,Head and Neck,1981,3.8,193,6661878
All races,Male,Head and Neck,1982,3.8,201,6741691
All races,Male,Head and Neck,1983,4.1,221,6832059
All races,Male,Head and Neck,1984,3.9,209,6929434
All races,Male,Head and Neck,1985,5.6,301,7027803
All races,Male,Head and Neck,1986,4.8,277,7129499
All races,Male,Head and Neck,1987,5.7,315,7216079
All races,Male,Head and Neck,1988,5.0,275,7308895
All races,Male,Head and Neck,1989,5.1,304,7387431
All races,Male,Head and Neck,1990,5.2,310,7488078
All races,Male,Head and Neck,1991,5.6,340,7602113
All races,Male,Head and Neck,1992,5.9,367,7740660
All races,Male,Head and Neck,1993,6.9,428,7864297
All races,Male,Head and Neck,1994,7.4,471,7987985
All races,Male,Head and Neck,1995,7.3,478,8120235
All races,Male,Head and Neck,1996,7.4,497,8246240
All races,Male,Head and Neck,1997,7.4,505,8386881
All races,Male,Head and Neck,1998,7.4,514,8518082
All races,Male,Head and Neck,1999,7.5,543,8632419
All races,Male,Head and Neck,2000,8.7,625,8759397
All races,Male,Head and Neck,2001,8.5,631,8873260
All races,Male,Head and Neck,2002,8.0,601,8951278
All races,Male,Head and Neck,2003,8.7,668,9014456
All races,Male,Head and Neck,2004,9.4,732,9094909
All races,Male,Head and Neck,2005,10.5,840,9206402
All races,Male,Head and Neck,2006,10.2,836,9349245
All races,Male,Head and Neck,2007,10.1,824,9467336
All races,Male,Head and Neck,2008,11.8,985,9606228
All races,Male,Head and Neck,2009,11.4,993,9735989
All races,Male,Head and Neck,2010,11.8,1036,9848774
All races,Male,Head and Neck,2011,11.2,1004,9985782
All races,Male,Head and Neck,2012,10.8,1009,10125727
All races,Male,Head and Neck,2013,12.3,1169,10255386
All races,Male,Head and Neck,2014,12.7,1245,10391747
All races,Male,Head and Neck,2015,11.7,1172,10534754
All races,Male,Head and Neck,2016,12.0,1238,10685237
All races,Male,Head and Neck,2017,12.4,1285,10810852
All races,Male,Head and Neck,2018,11.3,1221,10923121
All races,Male,Head and Neck,2019,12.6,1362,11024621
All races,Male,Head and Neck,2020,9.9,1097,11101398
All races,Male,Head and Neck,2021,11.8,1345,11115351
All races,Male,Head and Neck,2022,11.8,1362,11173089
All races,Male,Trunk,1975-2022,11.7,44892,411348845
All races,Male,Trunk,1975,4.5,242,5940293
All races,Male,Trunk,1976,4.4,239,6066708
All races,Male,Trunk,1977,5.5,295,6183531
All races,Male,Trunk,1978,4.8,272,6304757
All races,Male,Trunk,1979,6.2,353,6434477
All races,Male,Trunk,1980,6.4,366,6562981
All races,Male,Trunk,1981,5.9,352,6661878
All races,Male,Trunk,1982,6.8,406,6741691
All races,Male,Trunk,1983,6.8,408,6832059
All races,Male,Trunk,1984,7.1,431,6929434
All races,Male,Trunk,1985,7.9,495,7027803
All races,Male,Trunk,1986,8.8,562,7129499
All races,Male,Trunk,1987,7.9,506,7216079
All races,Male,Trunk,1988,8.0,518,7308895
All races,Male,Trunk,1989,8.4,556,7387431
All races,Male,Trunk,1990,9.1,620,7488078
All races,Male,Trunk,1991,8.8,610,7602113
All races,Male,Trunk,1992,9.4,650,7740660
All races,Male,Trunk,1993,9.1,648,7864297
All races,Male,Trunk,1994,9.5,685,7987985
All races,Male,Trunk,1995,9.6,714,8120235
All races,Male,Trunk,1996,11.3,838,8246240
All races,Male,Trunk,1997,10.6,811,8386881
All races,Male,Trunk,1998,11.0,857,8518082
All races,Male,Trunk,1999,11.4,893,8632419
All races,Male,Trunk,2000,11.5,927,8759397
All races,Male,Trunk,2001,11.6,946,8873260
All races,Male,Trunk,2002,11.8,968,8951278
All races,Male,Trunk,2003,11.3,946,9014456
All races,Male,Trunk,2004,12.2,1041,9094909
All races,Male,Trunk,2005,13.4,1154,9206402
All races,Male,Trunk,2006,14.0,1244,9349245
All races,Male,Trunk,2007,13.3,1205,9467336
All races,Male,Trunk,2008,14.1,1284,9606228
All races,Male,Trunk,2009,13.8,1311,9735989
All races,Male,Trunk,2010,13.9,1342,9848774
All races,Male,Trunk,2011,13.6,1333,9985782
All races,Male,Trunk,2012,14.2,1438,10125727
All races,Male,Trunk,2013,14.2,1440,10255386
All races,Male,Trunk,2014,14.7,1545,10391747
All races,Male,Trunk,2015,15.7,1687,10534754
All races,Male,Trunk,2016,15.1,1650,10685237
All races,Male,Trunk,2017,15.0,1697,10810852
All races,Male,Trunk,2018,15.3,1736,10923121
All races,Male,Trunk,2019,14.9,1724,11024621
All races,Male,Trunk,2020,12.6,1488,11101398
All races,Male,Trunk,2021,14.6,1741,11115351
All races,Male,Trunk,2022,14.0,1718,11173089
All races,Male,Arm (shoulder to finger),1975-2022,7.2,26609,411348845
All races,Male,Arm (shoulder to finger),1975,2.3,118,5940293
All races,Male,Arm (shoulder to finger),1976,2.1,114,6066708
All races,Male,Arm (shoulder to finger),1977,2.4,130,6183531
All races,Male,Arm (shoulder to finger),1978,2.7,149,6304757
All races,Male,Arm (shoulder to finger),1979,2.4,135,6434477
All races,Male,Arm (shoulder to finger),1980,3.3,189,6562981
All races,Male,Arm (shoulder to finger),1981,3.2,179,6661878
All races,Male,Arm (shoulder to finger),1982,2.9,170,6741691
All races,Male,Arm (shoulder to finger),1983,3.1,180,6832059
All races,Male,Arm (shoulder to finger),1984,3.4,199,6929434
All races,Male,Arm (shoulder to finger),1985,3.6,226,7027803
All races,Male,Arm (shoulder to finger),1986,3.9,237,7129499
All races,Male,Arm (shoulder to finger),1987,4.3,267,7216079
All races,Male,Arm (shoulder to finger),1988,4.0,259,7308895
All races,Male,Arm (shoulder to finger),1989,4.6,295,7387431
All races,Male,Arm (shoulder to finger),1990,4.0,266,7488078
All races,Male,Arm (shoulder to finger),1991,5.1,334,7602113
All races,Male,Arm (shoulder to finger),1992,5.1,346,7740660
All races,Male,Arm (shoulder to finger),1993,4.7,314,7864297
All races,Male,Arm (shoulder to finger),1994,5.3,371,7987985
All races,Male,Arm (shoulder to finger),1995,5.8,412,8120235
All races,Male,Arm (shoulder to finger),1996,5.9,432,8246240
All races,Male,Arm (shoulder to finger),1997,6.4,472,8386881
All races,Male,Arm (shoulder to finger),1998,6.1,460,8518082
All races,Male,Arm (shoulder to finger),1999,6.1,461,8632419
All races,Male,Arm (shoulder to finger),2000,6.6,515,8759397
All races,Male,Arm (shoulder to finger),2001,6.8,530,8873260
All races,Male,Arm (shoulder to finger),2002,7.3,574,8951278
All races,Male,Arm (shoulder to finger),2003,7.3,590,9014456
All races,Male,Arm (shoulder to finger),2004,7.8,644,9094909
All races,Male,Arm (shoulder to finger),2005,8.4,709,9206402
All races,Male,Arm (shoulder to finger),2006,8.4,734,9349245
All races,Male,Arm (shoulder to finger),2007,8.6,758,9467336
All races,Male,Arm (shoulder to finger),2008,8.4,766,9606228
All races,Male,Arm (shoulder to finger),2009,9.4,854,9735989
All races,Male,Arm (shoulder to finger),2010,9.4,871,9848774
All races,Male,Arm (shoulder to finger),2011,9.1,858,9985782
All races,Male,Arm (shoulder to finger),2012,8.8,868,10125727
All races,Male,Arm (shoulder to finger),2013,9.2,915,10255386
All races,Male,Arm (shoulder to finger),2014,9.8,1002,10391747
All races,Male,Arm (shoulder to finger),2015,9.9,1038,10534754
All races,Male,Arm (shoulder to finger),2016,10.0,1087,10685237
All races,Male,Arm (shoulder to finger),2017,9.5,1048,10810852
All races,Male,Arm (shoulder to finger),2018,10.2,1120,10923121
All races,Male,Arm (shoulder to finger),2019,10.2,1152,11024621
All races,Male,Arm (shoulder to finger),2020,8.4,985,11101398
All races,Male,Arm (shoulder to finger),2021,9.2,1080,11115351
All races,Male,Arm (shoulder to finger),2022,9.9,1196,11173089
All races,Male,Leg (hip to toe),1975-2022,2.8,10656,411348845
All races,Male,Leg (hip to toe),1975,1.1,59,5940293
All races,Male,Leg (hip to toe),1976,1.5,74,6066708
All races,Male,Leg (hip to toe),1977,1.3,69,6183531
All races,Male,Leg (hip to toe),1978,1.3,69,6304757
All races,Male,Leg (hip to toe),1979,1.3,69,6434477
All races,Male,Leg (hip to toe),1980,1.5,89,6562981
All races,Male,Leg (hip to toe),1981,1.5,83,6661878
All races,Male,Leg (hip to toe),1982,1.9,108,6741691
All races,Male,Leg (hip to toe),1983,1.6,91,6832059
All races,Male,Leg (hip to toe),1984,1.5,87,6929434
All races,Male,Leg (hip to toe),1985,1.9,111,7027803
All races,Male,Leg (hip to toe),1986,1.6,103,7129499
All races,Male,Leg (hip to toe),1987,1.9,118,7216079
All races,Male,Leg (hip to toe),1988,1.6,104,7308895
All races,Male,Leg (hip to toe),1989,2.0,134,7387431
All races,Male,Leg (hip to toe),1990,2.1,134,7488078
All races,Male,Leg (hip to toe),1991,1.8,126,7602113
All races,Male,Leg (hip to toe),1992,1.9,124,7740660
All races,Male,Leg (hip to toe),1993,2.1,153,7864297
All races,Male,Leg (hip to toe),1994,2.3,166,7987985
All races,Male,Leg (hip to toe),1995,2.5,184,8120235
All races,Male,Leg (hip to toe),1996,2.3,179,8246240
All races,Male,Leg (hip to toe),1997,2.4,183,8386881
All races,Male,Leg (hip to toe),1998,2.1,168,8518082
All races,Male,Leg (hip to toe),1999,3.0,234,8632419
All races,Male,Leg (hip to toe),2000,2.9,233,8759397
All races,Male,Leg (hip to toe),2001,2.7,229,8873260
All races,Male,Leg (hip to toe),2002,2.4,205,8951278
All races,Male,Leg (hip to toe),2003,2.8,237,9014456
All races,Male,Leg (hip to toe),2004,2.8,242,9094909
All races,Male,Leg (hip to toe),2005,3.2,288,9206402
All races,Male,Leg (hip to toe),2006,2.8,251,9349245
All races,Male,Leg (hip to toe),2007,3.3,297,9467336
All races,Male,Leg (hip to toe),2008,3.5,323,9606228
All races,Male,Leg (hip to toe),2009,3.3,308,9735989
All races,Male,Leg (hip to toe),2010,3.6,342,9848774
All races,Male,Leg (hip to toe),2011,3.0,299,9985782
All races,Male,Leg (hip to toe),2012,3.4,348,10125727
All races,Male,Leg (hip to toe),2013,3.4,346,10255386
All races,Male,Leg (hip to toe),2014,3.7,390,10391747
All races,Male,Leg (hip to toe),2015,3.9,412,10534754
All races,Male,Leg (hip to toe),2016,3.6,394,10685237
All races,Male,Leg (hip to toe),2017,3.6,397,10810852
All races,Male,Leg (hip to toe),2018,3.8,434,10923121
All races,Male,Leg (hip to toe),2019,3.5,406,11024621
All races,Male,Leg (hip to toe),2020,3.4,398,11101398
All races,Male,Leg (hip to toe),2021,3.7,447,11115351
All races,Male,Leg (hip to toe),2022,3.5,411,11173089
All races,Female,All sites,1975-2022,20.3,88403,430172671
All races,Female,All sites,1975,9.9,578,6330132
All races,Female,All sites,1976,9.8,589,6459725
All races,Female,All sites,1977,10.8,673,6589382
All races,Female,All sites,1978,11.5,719,6722890
All races,Female,All sites,1979,11.8,751,6861178
All races,Female,All sites,1980,12.3,809,7000747
All races,Female,All sites,1981,13.4,876,7104710
All races,Female,All sites,1982,12.9,869,7188464
All races,Female,All sites,1983,12.9,874,7277979
All races,Female,All sites,1984,13.3,934,7373092
All races,Female,All sites,1985,14.3,1020,7472331
All races,Female,All sites,1986,14.1,1018,7568568
All races,Female,All sites,1987,15.2,1125,7657202
All races,Female,All sites,1988,15.0,1121,7749643
All races,Female,All sites,1989,15.1,1146,7830794
All races,Female,All sites,1990,15.0,1165,7925099
All races,Female,All sites,1991,15.8,1250,8039304
All races,Female,All sites,1992,15.6,1264,8171982
All races,Female,All sites,1993,14.9,1234,8296187
All races,Female,All sites,1994,16.1,1355,8418252
All races,Female,All sites,1995,17.3,1475,8545339
All races,Female,All sites,1996,17.7,1538,8670978
All races,Female,All sites,1997,18.8,1658,8811579
All races,Female,All sites,1998,18.2,1624,8940203
All races,Female,All sites,1999,18.6,1691,9044195
All races,Female,All sites,2000,19.8,1829,9156099
All races,Female,All sites,2001,20.5,1918,9260380
All races,Female,All sites,2002,19.5,1850,9342160
All races,Female,All sites,2003,20.1,1923,9421182
All races,Female,All sites,2004,21.9,2122,9509792
All races,Female,All sites,2005,23.6,2323,9622138
All races,Female,All sites,2006,23.2,2327,9763586
All races,Female,All sites,2007,22.6,2306,9892919
All races,Female,All sites,2008,24.0,2495,10025944
All races,Female,All sites,2009,23.8,2516,10154915
All races,Female,All sites,2010,25.0,2717,10268782
All races,Female,All sites,2011,23.6,2568,10388630
All races,Female,All sites,2012,23.1,2584,10509597
All races,Female,All sites,2013,24.3,2760,10617818
All races,Female,All sites,2014,26.3,3024,10733966
All races,Female,All sites,2015,27.1,3172,10855570
All races,Female,All sites,2016,26.5,3160,10983378
All races,Female,All sites,2017,26.6,3214,11089902
All races,Female,All sites,2018,25.4,3156,11181497
All races,Female,All sites,2019,27.3,3412,11264688
All races,Female,All sites,2020,23.1,2898,11321469
All races,Female,All sites,2021,26.6,3381,11346253
All races,Female,All sites,2022,26.1,3392,11412051
All races,Female,Head and Neck,1975-2022,2.8,12459,430172671
All races,Female,Head and Neck,1975,1.7,94,6330132
All races,Female,Head and Neck,1976,1.7,101,6459725
All races,Female,Head and Neck,1977,1.6,101,6589382
All races,Female,Head and Neck,1978,1.8,109,6722890
All races,Female,Head and Neck,1979,1.8,116,6861178
All races,Female,Head and Neck,1980,1.9,130,7000747
All races,Female,Head and Neck,1981,2.2,143,7104710
All races,Female,Head and Neck,1982,1.8,125,7188464
All races,Female,Head and Neck,1983,1.7,119,7277979
All races,Female,Head and Neck,1984,2.1,148,7373092
All races,Female,Head and Neck,1985,1.8,130,7472331
All races,Female,Head and Neck,1986,1.8,140,7568568
All races,Female,Head and Neck,1987,2.3,169,7657202
All races,Female,Head and Neck,1988,2.1,154,7749643
All races,Female,Head and Neck,1989,2.2,172,7830794
All races,Female,Head and Neck,1990,2.1,165,7925099
All races,Female,Head and Neck,1991,2.3,183,8039304
All races,Female,Head and Neck,1992,2.2,179,8171982
All races,Female,Head and Neck,1993,2.2,192,8296187
All races,Female,Head and Neck,1994,2.2,190,8418252
All races,Female,Head and Neck,1995,2.4,207,8545339
All races,Female,Head and Neck,1996,2.4,210,8670978
All races,Female,Head and Neck,1997,2.6,236,8811579
All races,Female,Head and Neck,1998,2.8,250,8940203
All races,Female,Head and Neck,1999,2.7,251,9044195
All races,Female,Head and Neck,2000,2.9,273,9156099
All races,Female,Head and Neck,2001,2.9,277,9260380
All races,Female,Head and Neck,2002,2.7,265,9342160
All races,Female,Head and Neck,2003,2.8,276,9421182
All races,Female,Head and Neck,2004,3.0,300,9509792
All races,Female,Head and Neck,2005,3.1,318,9622138
All races,Female,Head and Neck,2006,3.2,329,9763586
All races,Female,Head and Neck,2007,2.9,307,9892919
All races,Female,Head and Neck,2008,3.1,336,10025944
All races,Female,Head and Neck,2009,3.5,380,10154915
All races,Female,Head and Neck,2010,3.4,382,10268782
All races,Female,Head and Neck,2011,3.5,389,10388630
All races,Female,Head and Neck,2012,2.9,331,10509597
All races,Female,Head and Neck,2013,3.1,361,10617818
All races,Female,Head and Neck,2014,3.5,406,10733966
All races,Female,Head and Neck,2015,3.4,419,10855570
All races,Female,Head and Neck,2016,3.5,431,10983378
All races,Female,Head and Neck,2017,3.4,412,11089902
All races,Female,Head and Neck,2018,3.6,453,11181497
All races,Female,Head and Neck,2019,3.6,462,11264688
All races,Female,Head and Neck,2020,3.0,387,11321469
All races,Female,Head and Neck,2021,3.4,450,11346253
All races,Female,Head and Neck,2022,3.7,501,11412051
All races,Female,Trunk,1975-2022,5.3,22896,430172671
All races,Female,Trunk,1975,2.1,123,6330132
All races,Female,Trunk,1976,2.1,126,6459725
All races,Female,Trunk,1977,2.4,154,6589382
All races,Female,Trunk,1978,2.8,182,6722890
All races,Female,Trunk,1979,3.0,185,6861178
All races,Female,Trunk,1980,3.2,210,7000747
All races,Female,Trunk,1981,3.1,205,7104710
All races,Female,Trunk,1982,2.8,191,7188464
All races,Female,Trunk,1983,2.8,194,7277979
All races,Female,Trunk,1984,2.7,194,7373092
All races,Female,Trunk,1985,3.6,260,7472331
All races,Female,Trunk,1986,3.6,265,7568568
All races,Female,Trunk,1987,3.9,289,7657202
All races,Female,Trunk,1988,4.1,306,7749643
All races,Female,Trunk,1989,4.1,310,7830794
All races,Female,Trunk,1990,3.9,305,7925099
All races,Female,Trunk,1991,3.9,308,8039304
All races,Female,Trunk,1992,4.1,330,8171982
All races,Female,Trunk,1993,3.9,321,8296187
All races,Female,Trunk,1994,4.3,363,8418252
All races,Female,Trunk,1995,4.6,387,8545339
All races,Female,Trunk,1996,4.6,402,8670978
All races,Female,Trunk,1997,5.1,443,8811579
All races,Female,Trunk,1998,4.4,394,8940203
All races,Female,Trunk,1999,4.7,418,9044195
All races,Female,Trunk,2000,4.9,449,9156099
All races,Female,Trunk,2001,5.1,471,9260380
All races,Female,Trunk,2002,5.3,497,9342160
All races,Female,Trunk,2003,5.3,505,9421182
All races,Female,Trunk,2004,5.5,531,9509792
All races,Female,Trunk,2005,6.4,623,9622138
All races,Female,Trunk,2006,6.4,633,9763586
All races,Female,Trunk,2007,6.0,602,9892919
All races,Female,Trunk,2008,6.3,645,10025944
All races,Female,Trunk,2009,5.9,616,10154915
All races,Female,Trunk,2010,6.6,700,10268782
All races,Female,Trunk,2011,6.2,648,10388630
All races,Female,Trunk,2012,6.4,694,10509597
All races,Female,Trunk,2013,6.2,686,10617818
All races,Female,Trunk,2014,7.1,803,10733966
All races,Female,Trunk,2015,7.8,891,10855570
All races,Female,Trunk,2016,7.1,828,10983378
All races,Female,Trunk,2017,7.5,883,11089902
All races,Female,Trunk,2018,7.0,848,11181497
All races,Female,Trunk,2019,7.3,905,11264688
All races,Female,Trunk,2020,6.2,749,11321469
All races,Female,Trunk,2021,7.4,921,11346253
All races,Female,Trunk,2022,7.2,903,11412051
All races,Female,Arm (shoulder to finger),1975-2022,5.7,25208,430172671
All races,Female,Arm (shoulder to finger),1975,2.5,149,6330132
All races,Female,Arm (shoulder to finger),1976,2.8,168,6459725
All races,Female,Arm (shoulder to finger),1977,2.8,178,6589382
All races,Female,Arm (shoulder to finger),1978,2.8,174,6722890
All races,Female,Arm (shoulder to finger),1979,3.3,208,6861178
All races,Female,Arm (shoulder to finger),1980,3.4,217,7000747
All races,Female,Arm (shoulder to finger),1981,3.7,231,7104710
All races,Female,Arm (shoulder to finger),1982,3.4,225,7188464
All races,Female,Arm (shoulder to finger),1983,3.7,248,7277979
All races,Female,Arm (shoulder to finger),1984,3.7,258,7373092
All races,Female,Arm (shoulder to finger),1985,4.0,280,7472331
All races,Female,Arm (shoulder to finger),1986,3.5,242,7568568
All races,Female,Arm (shoulder to finger),1987,4.1,296,7657202
All races,Female,Arm (shoulder to finger),1988,3.8,285,7749643
All races,Female,Arm (shoulder to finger),1989,3.8,286,7830794
All races,Female,Arm (shoulder to finger),1990,4.0,308,7925099
All races,Female,Arm (shoulder to finger),1991,4.2,327,8039304
All races,Female,Arm (shoulder to finger),1992,4.3,350,8171982
All races,Female,Arm (shoulder to finger),1993,3.8,317,8296187
All races,Female,Arm (shoulder to finger),1994,4.4,366,8418252
All races,Female,Arm (shoulder to finger),1995,4.8,408,8545339
All races,Female,Arm (shoulder to finger),1996,4.8,416,8670978
All races,Female,Arm (shoulder to finger),1997,4.9,430,8811579
All races,Female,Arm (shoulder to finger),1998,5.1,452,8940203
All races,Female,Arm (shoulder to finger),1999,4.9,444,9044195
All races,Female,Arm (shoulder to finger),2000,5.3,490,9156099
All races,Female,Arm (shoulder to finger),2001,5.6,527,9260380
All races,Female,Arm (shoulder to finger),2002,5.1,487,9342160
All races,Female,Arm (shoulder to finger),2003,5.3,506,9421182
All races,Female,Arm (shoulder to finger),2004,6.2,603,9509792
All races,Female,Arm (shoulder to finger),2005,6.5,644,9622138
All races,Female,Arm (shoulder to finger),2006,6.0,610,9763586
All races,Female,Arm (shoulder to finger),2007,6.4,659,9892919
All races,Female,Arm (shoulder to finger),2008,6.7,710,10025944
All races,Female,Arm (shoulder to finger),2009,7.0,745,10154915
All races,Female,Arm (shoulder to finger),2010,7.0,771,10268782
All races,Female,Arm (shoulder to finger),2011,6.9,771,10388630
All races,Female,Arm (shoulder to finger),2012,6.7,774,10509597
All races,Female,Arm (shoulder to finger),2013,7.3,844,10617818
All races,Female,Arm (shoulder to finger),2014,8.1,949,10733966
All races,Female,Arm (shoulder to finger),2015,8.0,954,10855570
All races,Female,Arm (shoulder to finger),2016,8.3,1010,10983378
All races,Female,Arm (shoulder to finger),2017,7.8,969,11089902
All races,Female,Arm (shoulder to finger),2018,7.5,956,11181497
All races,Female,Arm (shoulder to finger),2019,7.9,1016,11264688
All races,Female,Arm (shoulder to finger),2020,6.8,876,11321469
All races,Female,Arm (shoulder to finger),2021,7.9,1016,11346253
All races,Female,Arm (shoulder to finger),2022,8.0,1058,11412051
All races,Female,Leg (hip to toe),1975-2022,6.4,27840,430172671
All races,Female,Leg (hip to toe),1975,3.7,212,6330132
All races,Female,Leg (hip to toe),1976,3.2,194,6459725
All races,Female,Leg (hip to toe),1977,3.9,240,6589382
All races,Female,Leg (hip to toe),1978,4.1,254,6722890
All races,Female,Leg (hip to toe),1979,3.7,242,6861178
All races,Female,Leg (hip to toe),1980,3.8,252,7000747
All races,Female,Leg (hip to toe),1981,4.5,297,7104710
All races,Female,Leg (hip to toe),1982,4.9,328,7188464
All races,Female,Leg (hip to toe),1983,4.6,313,7277979
All races,Female,Leg (hip to toe),1984,4.8,334,7373092
All races,Female,Leg (hip to toe),1985,4.9,350,7472331
All races,Female,Leg (hip to toe),1986,5.2,371,7568568
All races,Female,Leg (hip to toe),1987,4.9,371,7657202
All races,Female,Leg (hip to toe),1988,5.0,376,7749643
All races,Female,Leg (hip to toe),1989,5.0,378,7830794
All races,Female,Leg (hip to toe),1990,5.1,387,7925099
All races,Female,Leg (hip to toe),1991,5.5,432,8039304
All races,Female,Leg (hip to toe),1992,5.0,405,8171982
All races,Female,Leg (hip to toe),1993,5.0,404,8296187
All races,Female,Leg (hip to toe),1994,5.2,436,8418252
All races,Female,Leg (hip to toe),1995,5.6,473,8545339
All races,Female,Leg (hip to toe),1996,5.9,510,8670978
All races,Female,Leg (hip to toe),1997,6.2,549,8811579
All races,Female,Leg (hip to toe),1998,5.9,528,8940203
All races,Female,Leg (hip to toe),1999,6.4,578,9044195
All races,Female,Leg (hip to toe),2000,6.7,617,9156099
All races,Female,Leg (hip to toe),2001,6.9,643,9260380
All races,Female,Leg (hip to toe),2002,6.4,601,9342160
All races,Female,Leg (hip to toe),2003,6.7,636,9421182
All races,Female,Leg (hip to toe),2004,7.1,688,9509792
All races,Female,Leg (hip to toe),2005,7.5,738,9622138
All races,Female,Leg (hip to toe),2006,7.6,755,9763586
All races,Female,Leg (hip to toe),2007,7.3,738,9892919
All races,Female,Leg (hip to toe),2008,7.8,804,10025944
All races,Female,Leg (hip to toe),2009,7.4,775,10154915
All races,Female,Leg (hip to toe),2010,8.1,864,10268782
All races,Female,Leg (hip to toe),2011,7.0,760,10388630
All races,Female,Leg (hip to toe),2012,7.1,785,10509597
All races,Female,Leg (hip to toe),2013,7.7,869,10617818
All races,Female,Leg (hip to toe),2014,7.6,866,10733966
All races,Female,Leg (hip to toe),2015,7.9,908,10855570
All races,Female,Leg (hip to toe),2016,7.6,891,10983378
All races,Female,Leg (hip to toe),2017,7.9,950,11089902
All races,Female,Leg (hip to toe),2018,7.3,899,11181497
All races,Female,Leg (hip to toe),2019,8.5,1029,11264688
All races,Female,Leg (hip to toe),2020,7.2,886,11321469
All races,Female,Leg (hip to toe),2021,7.9,994,11346253
All races,Female,Leg (hip to toe),2022,7.2,930,11412051
White,Male and female,All sites,1975-2022,29.8,198712,659265099
White,Male and female,All sites,1975,11.5,1120,10704072
White,Male and female,All sites,1976,11.5,1145,10889669
White,Male and female,All sites,1977,12.8,1312,11068659
White,Male and female,All sites,1978,13.1,1352,11252604
White,Male and female,All sites,1979,13.6,1441,11441098
White,Male and female,All sites,1980,15.1,1615,11618979
White,Male and female,All sites,1981,15.6,1666,11741467
White,Male and female,All sites,1982,15.9,1732,11829620
White,Male and female,All sites,1983,15.9,1751,11931877
White,Male and female,All sites,1984,16.4,1844,12044612
White,Male and female,All sites,1985,18.6,2123,12160029
White,Male and female,All sites,1986,18.8,2173,12275446
White,Male and female,All sites,1987,19.7,2301,12368402
White,Male and female,All sites,1988,19.0,2255,12472906
White,Male and female,All sites,1989,20.0,2405,12557721
White,Male and female,All sites,1990,20.1,2458,12672246
White,Male and female,All sites,1991,21.2,2633,12813984
White,Male and female,All sites,1992,21.6,2718,12984410
White,Male and female,All sites,1993,21.4,2740,13128354
White,Male and female,All sites,1994,23.2,3011,13265601
White,Male and female,All sites,1995,24.4,3211,13415701
White,Male and female,All sites,1996,25.8,3447,13554181
White,Male and female,All sites,1997,26.5,3571,13714302
White,Male and female,All sites,1998,26.1,3578,13860395
White,Male and female,All sites,1999,27.2,3768,13975417
White,Male and female,All sites,2000,28.9,4056,14090220
White,Male and female,All sites,2001,29.6,4200,14190100
White,Male and female,All sites,2002,28.8,4131,14248344
White,Male and female,All sites,2003,29.8,4304,14297200
White,Male and female,All sites,2004,32.2,4708,14363984
White,Male and female,All sites,2005,35.5,5256,14470330
White,Male and female,All sites,2006,35.2,5318,14612790
White,Male and female,All sites,2007,34.7,5304,14738202
White,Male and female,All sites,2008,37.3,5778,14878435
White,Male and female,All sites,2009,37.3,5895,15007356
White,Male and female,All sites,2010,38.7,6220,15118086
White,Male and female,All sites,2011,36.9,5968,15242815
White,Male and female,All sites,2012,36.9,6161,15368097
White,Male and female,All sites,2013,39.0,6534,15475602
White,Male and female,All sites,2014,41.5,7089,15586063
White,Male and female,All sites,2015,42.4,7343,15703140
White,Male and female,All sites,2016,42.1,7422,15828291
White,Male and female,All sites,2017,42.3,7544,15922884
White,Male and female,All sites,2018,41.6,7564,16004973
White,Male and female,All sites,2019,43.4,7947,16074474
White,Male and female,All sites,2020,36.5,6759,16112405
White,Male and female,All sites,2021,42.1,7874,16092848
White,Male and female,All sites,2022,42.0,7967,16096708
White,Male and female,Head and Neck,1975-2022,6.4,42981,659265099
White,Male and female,Head and Neck,1975,2.5,230,10704072
White,Male and female,Head and Neck,1976,2.5,242,10889669
White,Male and female,Head and Neck,1977,2.5,256,11068659
White,Male and female,Head and Neck,1978,2.7,267,11252604
White,Male and female,Head and Neck,1979,2.6,265,11441098
White,Male and female,Head and Neck,1980,2.9,308,11618979
White,Male and female,Head and Neck,1981,3.2,335,11741467
White,Male and female,Head and Neck,1982,3.0,326,11829620
White,Male and female,Head and Neck,1983,3.1,337,11931877
White,Male and female,Head and Neck,1984,3.2,354,12044612
White,Male and female,Head and Neck,1985,3.8,429,12160029
White,Male and female,Head and Neck,1986,3.6,414,12275446
White,Male and female,Head and Neck,1987,4.2,481,12368402
White,Male and female,Head and Neck,1988,3.7,426,12472906
White,Male and female,Head and Neck,1989,4.0,473,12557721
White,Male and female,Head and Neck,1990,3.9,469,12672246
White,Male and female,Head and Neck,1991,4.2,521,12813984
White,Male and female,Head and Neck,1992,4.4,543,12984410
White,Male and female,Head and Neck,1993,4.8,612,13128354
White,Male and female,Head and Neck,1994,5.1,653,13265601
White,Male and female,Head and Neck,1995,5.2,674,13415701
White,Male and female,Head and Neck,1996,5.3,705,13554181
White,Male and female,Head and Neck,1997,5.5,734,13714302
White,Male and female,Head and Neck,1998,5.6,757,13860395
White,Male and female,Head and Neck,1999,5.7,787,13975417
White,Male and female,Head and Neck,2000,6.4,889,14090220
White,Male and female,Head and Neck,2001,6.4,900,14190100
White,Male and female,Head and Neck,2002,5.9,852,14248344
White,Male and female,Head and Neck,2003,6.4,930,14297200
White,Male and female,Head and Neck,2004,7.0,1024,14363984
White,Male and female,Head and Neck,2005,7.8,1155,14470330
White,Male and female,Head and Neck,2006,7.5,1144,14612790
White,Male and female,Head and Neck,2007,7.3,1124,14738202
White,Male and female,Head and Neck,2008,8.4,1307,14878435
White,Male and female,Head and Neck,2009,8.5,1358,15007356
White,Male and female,Head and Neck,2010,8.7,1401,15118086
White,Male and female,Head and Neck,2011,8.5,1380,15242815
White,Male and female,Head and Neck,2012,8.0,1323,15368097
White,Male and female,Head and Neck,2013,9.0,1516,15475602
White,Male and female,Head and Neck,2014,9.6,1641,15586063
White,Male and female,Head and Neck,2015,8.9,1569,15703140
White,Male and female,Head and Neck,2016,9.2,1645,15828291
White,Male and female,Head and Neck,2017,9.5,1684,15922884
White,Male and female,Head and Neck,2018,9.0,1653,16004973
White,Male and female,Head and Neck,2019,9.9,1806,16074474
White,Male and female,Head and Neck,2020,7.9,1470,16112405
White,Male and female,Head and Neck,2021,9.3,1767,16092848
White,Male and female,Head and Neck,2022,9.6,1845,16096708
White,Male and female,Trunk,1975-2022,10.1,67095,659265099
White,Male and female,Trunk,1975,3.6,360,10704072
White,Male and female,Trunk,1976,3.6,364,10889669
White,Male and female,Trunk,1977,4.4,446,11068659
White,Male and female,Trunk,1978,4.3,451,11252604
White,Male and female,Trunk,1979,5.1,534,11441098
White,Male and female,Trunk,1980,5.4,572,11618979
White,Male and female,Trunk,1981,5.1,555,11741467
White,Male and female,Trunk,1982,5.4,594,11829620
White,Male and female,Trunk,1983,5.4,595,11931877
White,Male and female,Trunk,1984,5.5,621,12044612
White,Male and female,Trunk,1985,6.5,751,12160029
White,Male and female,Trunk,1986,7.0,820,12275446
White,Male and female,Trunk,1987,6.7,789,12368402
White,Male and female,Trunk,1988,6.9,816,12472906
White,Male and female,Trunk,1989,7.2,863,12557721
White,Male and female,Trunk,1990,7.4,916,12672246
White,Male and female,Trunk,1991,7.3,912,12813984
White,Male and female,Trunk,1992,7.7,970,12984410
White,Male and female,Trunk,1993,7.5,960,13128354
White,Male and female,Trunk,1994,8.0,1036,13265601
White,Male and female,Trunk,1995,8.3,1086,13415701
White,Male and female,Trunk,1996,9.2,1231,13554181
White,Male and female,Trunk,1997,9.1,1233,13714302
White,Male and female,Trunk,1998,9.0,1239,13860395
White,Male and female,Trunk,1999,9.4,1298,13975417
White,Male and female,Trunk,2000,9.6,1353,14090220
White,Male and female,Trunk,2001,9.9,1404,14190100
White,Male and female,Trunk,2002,10.1,1444,14248344
White,Male and female,Trunk,2003,9.9,1435,14297200
White,Male and female,Trunk,2004,10.7,1555,14363984
White,Male and female,Trunk,2005,12.0,1764,14470330
White,Male and female,Trunk,2006,12.4,1865,14612790
White,Male and female,Trunk,2007,11.7,1784,14738202
White,Male and female,Trunk,2008,12.4,1913,14878435
White,Male and female,Trunk,2009,12.0,1909,15007356
White,Male and female,Trunk,2010,12.6,2024,15118086
White,Male and female,Trunk,2011,12.2,1964,15242815
White,Male and female,Trunk,2012,12.6,2109,15368097
White,Male and female,Trunk,2013,12.6,2102,15475602
White,Male and female,Trunk,2014,13.5,2316,15586063
White,Male and female,Trunk,2015,14.7,2540,15703140
White,Male and female,Trunk,2016,13.9,2450,15828291
White,Male and female,Trunk,2017,14.2,2549,15922884
White,Male and female,Trunk,2018,14.1,2558,16004973
White,Male and female,Trunk,2019,14.1,2597,16074474
White,Male and female,Trunk,2020,12.1,2218,16112405
White,Male and female,Trunk,2021,14.1,2630,16092848
White,Male and female,Trunk,2022,13.7,2600,16096708
White,Male and female,Arm (shoulder to finger),1975-2022,7.7,51261,659265099
White,Male and female,Arm (shoulder to finger),1975,2.7,263,10704072
White,Male and female,Arm (shoulder to finger),1976,2.8,282,10889669
White,Male and female,Arm (shoulder to finger),1977,3.0,306,11068659
White,Male and female,Arm (shoulder to finger),1978,3.1,321,11252604
White,Male and female,Arm (shoulder to finger),1979,3.1,337,11441098
White,Male and female,Arm (shoulder to finger),1980,3.8,403,11618979
White,Male and female,Arm (shoulder to finger),1981,3.9,406,11741467
White,Male and female,Arm (shoulder to finger),1982,3.6,390,11829620
White,Male and female,Arm (shoulder to finger),1983,3.9,422,11931877
White,Male and female,Arm (shoulder to finger),1984,4.0,454,12044612
White,Male and female,Arm (shoulder to finger),1985,4.4,499,12160029
White,Male and female,Arm (shoulder to finger),1986,4.2,478,12275446
White,Male and female,Arm (shoulder to finger),1987,4.8,560,12368402
White,Male and female,Arm (shoulder to finger),1988,4.5,541,12472906
White,Male and female,Arm (shoulder to finger),1989,4.8,573,12557721
White,Male and female,Arm (shoulder to finger),1990,4.7,571,12672246
White,Male and female,Arm (shoulder to finger),1991,5.3,657,12813984
White,Male and female,Arm (shoulder to finger),1992,5.5,689,12984410
White,Male and female,Arm (shoulder to finger),1993,4.9,627,13128354
White,Male and female,Arm (shoulder to finger),1994,5.6,732,13265601
White,Male and female,Arm (shoulder to finger),1995,6.2,811,13415701
White,Male and female,Arm (shoulder to finger),1996,6.3,835,13554181
White,Male and female,Arm (shoulder to finger),1997,6.6,886,13714302
White,Male and female,Arm (shoulder to finger),1998,6.6,904,13860395
White,Male and female,Arm (shoulder to finger),1999,6.5,901,13975417
White,Male and female,Arm (shoulder to finger),2000,7.1,991,14090220
White,Male and female,Arm (shoulder to finger),2001,7.4,1044,14190100
White,Male and female,Arm (shoulder to finger),2002,7.3,1052,14248344
White,Male and female,Arm (shoulder to finger),2003,7.5,1085,14297200
White,Male and female,Arm (shoulder to finger),2004,8.5,1240,14363984
White,Male and female,Arm (shoulder to finger),2005,9.0,1341,14470330
White,Male and female,Arm (shoulder to finger),2006,8.7,1327,14612790
White,Male and female,Arm (shoulder to finger),2007,9.1,1405,14738202
White,Male and female,Arm (shoulder to finger),2008,9.3,1460,14878435
White,Male and female,Arm (shoulder to finger),2009,9.9,1576,15007356
White,Male and female,Arm (shoulder to finger),2010,10.0,1629,15118086
White,Male and female,Arm (shoulder to finger),2011,9.8,1604,15242815
White,Male and female,Arm (shoulder to finger),2012,9.6,1629,15368097
White,Male and female,Arm (shoulder to finger),2013,10.2,1732,15475602
White,Male and female,Arm (shoulder to finger),2014,11.2,1925,15586063
White,Male and female,Arm (shoulder to finger),2015,11.2,1961,15703140
White,Male and female,Arm (shoulder to finger),2016,11.6,2078,15828291
White,Male and female,Arm (shoulder to finger),2017,11.0,1995,15922884
White,Male and female,Arm (shoulder to finger),2018,11.2,2057,16004973
White,Male and female,Arm (shoulder to finger),2019,11.5,2142,16074474
White,Male and female,Arm (shoulder to finger),2020,9.6,1831,16112405
White,Male and female,Arm (shoulder to finger),2021,11.0,2076,16092848
White,Male and female,Arm (shoulder to finger),2022,11.5,2233,16096708
White,Male and female,Leg (hip to toe),1975-2022,5.7,37375,659265099
White,Male and female,Leg (hip to toe),1975,2.7,267,10704072
White,Male and female,Leg (hip to toe),1976,2.6,257,10889669
White,Male and female,Leg (hip to toe),1977,3.0,304,11068659
White,Male and female,Leg (hip to toe),1978,3.0,313,11252604
White,Male and female,Leg (hip to toe),1979,2.8,305,11441098
White,Male and female,Leg (hip to toe),1980,3.0,332,11618979
White,Male and female,Leg (hip to toe),1981,3.4,370,11741467
White,Male and female,Leg (hip to toe),1982,3.9,422,11829620
White,Male and female,Leg (hip to toe),1983,3.6,397,11931877
White,Male and female,Leg (hip to toe),1984,3.7,415,12044612
White,Male and female,Leg (hip to toe),1985,3.9,444,12160029
White,Male and female,Leg (hip to toe),1986,4.0,461,12275446
White,Male and female,Leg (hip to toe),1987,3.9,471,12368402
White,Male and female,Leg (hip to toe),1988,3.9,472,12472906
White,Male and female,Leg (hip to toe),1989,4.1,496,12557721
White,Male and female,Leg (hip to toe),1990,4.1,502,12672246
White,Male and female,Leg (hip to toe),1991,4.3,543,12813984
White,Male and female,Leg (hip to toe),1992,4.1,516,12984410
White,Male and female,Leg (hip to toe),1993,4.2,541,13128354
White,Male and female,Leg (hip to toe),1994,4.5,590,13265601
White,Male and female,Leg (hip to toe),1995,4.8,640,13415701
White,Male and female,Leg (hip to toe),1996,5.0,676,13554181
White,Male and female,Leg (hip to toe),1997,5.3,718,13714302
White,Male and female,Leg (hip to toe),1998,4.9,678,13860395
White,Male and female,Leg (hip to toe),1999,5.6,782,13975417
White,Male and female,Leg (hip to toe),2000,5.8,823,14090220
White,Male and female,Leg (hip to toe),2001,6.0,852,14190100
White,Male and female,Leg (hip to toe),2002,5.4,783,14248344
White,Male and female,Leg (hip to toe),2003,5.9,854,14297200
White,Male and female,Leg (hip to toe),2004,6.1,889,14363984
White,Male and female,Leg (hip to toe),2005,6.7,996,14470330
White,Male and female,Leg (hip to toe),2006,6.6,982,14612790
White,Male and female,Leg (hip to toe),2007,6.5,991,14738202
White,Male and female,Leg (hip to toe),2008,7.2,1098,14878435
White,Male and female,Leg (hip to toe),2009,6.8,1052,15007356
White,Male and female,Leg (hip to toe),2010,7.4,1166,15118086
White,Male and female,Leg (hip to toe),2011,6.4,1020,15242815
White,Male and female,Leg (hip to toe),2012,6.7,1100,15368097
White,Male and female,Leg (hip to toe),2013,7.2,1184,15475602
White,Male and female,Leg (hip to toe),2014,7.3,1207,15586063
White,Male and female,Leg (hip to toe),2015,7.5,1273,15703140
White,Male and female,Leg (hip to toe),2016,7.3,1249,15828291
White,Male and female,Leg (hip to toe),2017,7.6,1316,15922884
White,Male and female,Leg (hip to toe),2018,7.3,1296,16004973
White,Male and female,Leg (hip to toe),2019,8.0,1402,16074474
White,Male and female,Leg (hip to toe),2020,6.9,1240,16112405
White,Male and female,Leg (hip to toe),2021,7.7,1401,16092848
White,Male and female,Leg (hip to toe),2022,7.1,1289,16096708
White,Male,All sites,1975-2022,36.8,111715,324425183
White,Male,All sites,1975,12.3,549,5182924
White,Male,All sites,1976,12.0,563,5276963
White,Male,All sites,1977,13.8,646,5363757
White,Male,All sites,1978,13.5,642,5452589
White,Male,All sites,1979,14.4,700,5545818
White,Male,All sites,1980,16.7,816,5631059
White,Male,All sites,1981,16.4,799,5691036
White,Male,All sites,1982,17.5,872,5735285
White,Male,All sites,1983,17.7,889,5788786
White,Male,All sites,1984,18.1,919,5847296
White,Male,All sites,1985,21.7,1123,5906304
White,Male,All sites,1986,22.0,1165,5967613
White,Male,All sites,1987,22.7,1192,6015444
White,Male,All sites,1988,21.5,1146,6069920
White,Male,All sites,1989,23.4,1274,6112647
White,Male,All sites,1990,23.7,1314,6174179
White,Male,All sites,1991,24.7,1394,6248913
White,Male,All sites,1992,26.0,1475,6340780
White,Male,All sites,1993,26.6,1523,6416406
White,Male,All sites,1994,28.6,1675,6488538
White,Male,All sites,1995,29.4,1757,6569724
White,Male,All sites,1996,31.8,1927,6642612
White,Male,All sites,1997,31.6,1938,6727130
White,Male,All sites,1998,31.8,1980,6806125
White,Male,All sites,1999,33.2,2107,6872598
White,Male,All sites,2000,35.3,2256,6939951
White,Male,All sites,2001,35.5,2307,6997092
White,Male,All sites,2002,35.4,2313,7028705
White,Male,All sites,2003,36.3,2409,7051948
White,Male,All sites,2004,39.1,2627,7086180
White,Male,All sites,2005,43.3,2968,7142797
White,Male,All sites,2006,43.1,3030,7218329
White,Male,All sites,2007,43.1,3044,7282109
White,Male,All sites,2008,46.3,3314,7357199
White,Male,All sites,2009,46.5,3422,7425282
White,Male,All sites,2010,47.6,3549,7482632
White,Male,All sites,2011,45.5,3448,7553670
White,Male,All sites,2012,46.2,3621,7626124
White,Male,All sites,2013,48.4,3810,7689805
White,Male,All sites,2014,51.0,4123,7754817
White,Male,All sites,2015,51.5,4246,7824155
White,Male,All sites,2016,51.3,4312,7897468
White,Male,All sites,2017,51.3,4377,7954076
White,Male,All sites,2018,51.6,4462,8003038
White,Male,All sites,2019,52.5,4593,8045143
White,Male,All sites,2020,43.7,3912,8071692
White,Male,All sites,2021,50.2,4552,8059001
White,Male,All sites,2022,50.5,4635,8059524
White,Male,Head and Neck,1975-2022,10.6,30702,324425183
White,Male,Head and Neck,1975,3.4,136,5182924
White,Male,Head and Neck,1976,3.1,143,5276963
White,Male,Head and Neck,1977,3.4,156,5363757
White,Male,Head and Neck,1978,3.7,158,5452589
White,Male,Head and Neck,1979,3.4,149,5545818
White,Male,Head and Neck,1980,3.9,178,5631059
White,Male,Head and Neck,1981,4.4,193,5691036
White,Male,Head and Neck,1982,4.3,201,5735285
White,Male,Head and Neck,1983,4.7,220,5788786
White,Male,Head and Neck,1984,4.5,209,5847296
White,Male,Head and Neck,1985,6.4,301,5906304
White,Male,Head and Neck,1986,5.5,275,5967613
White,Male,Head and Neck,1987,6.5,313,6015444
White,Male,Head and Neck,1988,5.8,274,6069920
White,Male,Head and Neck,1989,5.9,302,6112647
White,Male,Head and Neck,1990,6.0,309,6174179
White,Male,Head and Neck,1991,6.4,338,6248913
White,Male,Head and Neck,1992,6.9,367,6340780
White,Male,Head and Neck,1993,7.9,422,6416406
White,Male,Head and Neck,1994,8.6,466,6488538
White,Male,Head and Neck,1995,8.5,472,6569724
White,Male,Head and Neck,1996,8.7,495,6642612
White,Male,Head and Neck,1997,8.7,500,6727130
White,Male,Head and Neck,1998,8.7,511,6806125
White,Male,Head and Neck,1999,8.9,539,6872598
White,Male,Head and Neck,2000,10.3,618,6939951
White,Male,Head and Neck,2001,10.1,626,6997092
White,Male,Head and Neck,2002,9.5,592,7028705
White,Male,Head and Neck,2003,10.4,661,7051948
White,Male,Head and Neck,2004,11.3,727,7086180
White,Male,Head and Neck,2005,12.7,839,7142797
White,Male,Head and Neck,2006,12.2,825,7218329
White,Male,Head and Neck,2007,12.3,820,7282109
White,Male,Head and Neck,2008,14.3,975,7357199
White,Male,Head and Neck,2009,13.9,985,7425282
White,Male,Head and Neck,2010,14.4,1027,7482632
White,Male,Head and Neck,2011,13.8,996,7553670
White,Male,Head and Neck,2012,13.3,999,7626124
White,Male,Head and Neck,2013,15.2,1156,7689805
White,Male,Head and Neck,2014,15.8,1238,7754817
White,Male,Head and Neck,2015,14.5,1160,7824155
White,Male,Head and Neck,2016,15.0,1224,7897468
White,Male,Head and Neck,2017,15.6,1277,7954076
White,Male,Head and Neck,2018,14.3,1209,8003038
White,Male,Head and Neck,2019,16.0,1351,8045143
White,Male,Head and Neck,2020,12.7,1091,8071692
White,Male,Head and Neck,2021,15.0,1328,8059001
White,Male,Head and Neck,2022,15.2,1351,8059524
White,Male,Trunk,1975-2022,14.3,44491,324425183
White,Male,Trunk,1975,5.0,239,5182924
White,Male,Trunk,1976,5.0,239,5276963
White,Male,Trunk,1977,6.2,292,5363757
White,Male,Trunk,1978,5.4,272,5452589
White,Male,Trunk,1979,7.0,351,5545818
White,Male,Trunk,1980,7.3,365,5631059
White,Male,Trunk,1981,6.8,351,5691036
White,Male,Trunk,1982,7.8,404,5735285
White,Male,Trunk,1983,7.7,402,5788786
White,Male,Trunk,1984,8.1,428,5847296
White,Male,Trunk,1985,9.1,493,5906304
White,Male,Trunk,1986,10.2,556,5967613
White,Male,Trunk,1987,9.2,504,6015444
White,Male,Trunk,1988,9.3,514,6069920
White,Male,Trunk,1989,9.9,556,6112647
White,Male,Trunk,1990,10.7,615,6174179
White,Male,Trunk,1991,10.3,604,6248913
White,Male,Trunk,1992,11.0,647,6340780
White,Male,Trunk,1993,10.7,641,6416406
White,Male,Trunk,1994,11.2,676,6488538
White,Male,Trunk,1995,11.4,704,6569724
White,Male,Trunk,1996,13.5,833,6642612
White,Male,Trunk,1997,12.6,798,6727130
White,Male,Trunk,1998,13.2,849,6806125
White,Male,Trunk,1999,13.7,886,6872598
White,Male,Trunk,2000,13.8,911,6939951
White,Male,Trunk,2001,14.0,937,6997092
White,Male,Trunk,2002,14.3,957,7028705
White,Male,Trunk,2003,13.7,935,7051948
White,Male,Trunk,2004,15.0,1032,7086180
White,Male,Trunk,2005,16.5,1147,7142797
White,Male,Trunk,2006,17.2,1237,7218329
White,Male,Trunk,2007,16.4,1191,7282109
White,Male,Trunk,2008,17.5,1275,7357199
White,Male,Trunk,2009,17.2,1305,7425282
White,Male,Trunk,2010,17.3,1332,7482632
White,Male,Trunk,2011,17.1,1326,7553670
White,Male,Trunk,2012,17.8,1426,7626124
White,Male,Trunk,2013,17.7,1422,7689805
White,Male,Trunk,2014,18.5,1526,7754817
White,Male,Trunk,2015,19.8,1665,7824155
White,Male,Trunk,2016,19.1,1633,7897468
White,Male,Trunk,2017,19.1,1678,7954076
White,Male,Trunk,2018,19.6,1723,8003038
White,Male,Trunk,2019,19.1,1711,8045143
White,Male,Trunk,2020,16.2,1473,8071692
White,Male,Trunk,2021,18.8,1722,8059001
White,Male,Trunk,2022,18.2,1708,8059524
White,Male,Arm (shoulder to finger),1975-2022,8.6,26338,324425183
White,Male,Arm (shoulder to finger),1975,2.6,117,5182924
White,Male,Arm (shoulder to finger),1976,2.4,114,5276963
White,Male,Arm (shoulder to finger),1977,2.7,129,5363757
White,Male,Arm (shoulder to finger),1978,3.0,147,5452589
White,Male,Arm (shoulder to finger),1979,2.7,134,5545818
White,Male,Arm (shoulder to finger),1980,3.8,188,5631059
White,Male,Arm (shoulder to finger),1981,3.6,176,5691036
White,Male,Arm (shoulder to finger),1982,3.3,166,5735285
White,Male,Arm (shoulder to finger),1983,3.5,178,5788786
White,Male,Arm (shoulder to finger),1984,3.9,197,5847296
White,Male,Arm (shoulder to finger),1985,4.1,224,5906304
White,Male,Arm (shoulder to finger),1986,4.6,237,5967613
White,Male,Arm (shoulder to finger),1987,4.9,265,6015444
White,Male,Arm (shoulder to finger),1988,4.6,257,6069920
White,Male,Arm (shoulder to finger),1989,5.3,289,6112647
White,Male,Arm (shoulder to finger),1990,4.7,265,6174179
White,Male,Arm (shoulder to finger),1991,5.9,333,6248913
White,Male,Arm (shoulder to finger),1992,6.0,343,6340780
White,Male,Arm (shoulder to finger),1993,5.5,311,6416406
White,Male,Arm (shoulder to finger),1994,6.2,369,6488538
White,Male,Arm (shoulder to finger),1995,6.8,408,6569724
White,Male,Arm (shoulder to finger),1996,6.9,424,6642612
White,Male,Arm (shoulder to finger),1997,7.6,463,6727130
White,Male,Arm (shoulder to finger),1998,7.3,457,6806125
White,Male,Arm (shoulder to finger),1999,7.3,458,6872598
White,Male,Arm (shoulder to finger),2000,7.9,509,6939951
White,Male,Arm (shoulder to finger),2001,8.1,524,6997092
White,Male,Arm (shoulder to finger),2002,8.7,569,7028705
White,Male,Arm (shoulder to finger),2003,8.8,584,7051948
White,Male,Arm (shoulder to finger),2004,9.6,641,7086180
White,Male,Arm (shoulder to finger),2005,10.3,706,7142797
White,Male,Arm (shoulder to finger),2006,10.3,725,7218329
White,Male,Arm (shoulder to finger),2007,10.5,752,7282109
White,Male,Arm (shoulder to finger),2008,10.3,758,7357199
White,Male,Arm (shoulder to finger),2009,11.5,839,7425282
White,Male,Arm (shoulder to finger),2010,11.6,864,7482632
White,Male,Arm (shoulder to finger),2011,11.1,845,7553670
White,Male,Arm (shoulder to finger),2012,11.0,862,7626124
White,Male,Arm (shoulder to finger),2013,11.4,901,7689805
White,Male,Arm (shoulder to finger),2014,12.2,991,7754817
White,Male,Arm (shoulder to finger),2015,12.4,1026,7824155
White,Male,Arm (shoulder to finger),2016,12.7,1076,7897468
White,Male,Arm (shoulder to finger),2017,12.1,1040,7954076
White,Male,Arm (shoulder to finger),2018,12.9,1113,8003038
White,Male,Arm (shoulder to finger),2019,12.9,1138,8045143
White,Male,Arm (shoulder to finger),2020,10.6,967,8071692
White,Male,Arm (shoulder to finger),2021,11.8,1071,8059001
White,Male,Arm (shoulder to finger),2022,12.7,1188,8059524
White,Male,Leg (hip to toe),1975-2022,3.3,10184,324425183
White,Male,Leg (hip to toe),1975,1.2,57,5182924
White,Male,Leg (hip to toe),1976,1.5,67,5276963
White,Male,Leg (hip to toe),1977,1.5,69,5363757
White,Male,Leg (hip to toe),1978,1.3,65,5452589
White,Male,Leg (hip to toe),1979,1.4,66,5545818
White,Male,Leg (hip to toe),1980,1.7,85,5631059
White,Male,Leg (hip to toe),1981,1.6,79,5691036
White,Male,Leg (hip to toe),1982,2.0,101,5735285
White,Male,Leg (hip to toe),1983,1.8,89,5788786
White,Male,Leg (hip to toe),1984,1.6,85,5847296
White,Male,Leg (hip to toe),1985,2.0,105,5906304
White,Male,Leg (hip to toe),1986,1.8,97,5967613
White,Male,Leg (hip to toe),1987,2.0,110,6015444
White,Male,Leg (hip to toe),1988,1.9,101,6069920
White,Male,Leg (hip to toe),1989,2.2,127,6112647
White,Male,Leg (hip to toe),1990,2.2,125,6174179
White,Male,Leg (hip to toe),1991,2.0,119,6248913
White,Male,Leg (hip to toe),1992,2.1,118,6340780
White,Male,Leg (hip to toe),1993,2.5,149,6416406
White,Male,Leg (hip to toe),1994,2.7,164,6488538
White,Male,Leg (hip to toe),1995,2.8,173,6569724
White,Male,Leg (hip to toe),1996,2.7,175,6642612
White,Male,Leg (hip to toe),1997,2.8,177,6727130
White,Male,Leg (hip to toe),1998,2.5,163,6806125
White,Male,Leg (hip to toe),1999,3.4,224,6872598
White,Male,Leg (hip to toe),2000,3.3,218,6939951
White,Male,Leg (hip to toe),2001,3.2,220,6997092
White,Male,Leg (hip to toe),2002,2.8,195,7028705
White,Male,Leg (hip to toe),2003,3.4,229,7051948
White,Male,Leg (hip to toe),2004,3.3,227,7086180
White,Male,Leg (hip to toe),2005,3.8,276,7142797
White,Male,Leg (hip to toe),2006,3.4,243,7218329
White,Male,Leg (hip to toe),2007,3.9,281,7282109
White,Male,Leg (hip to toe),2008,4.2,306,7357199
White,Male,Leg (hip to toe),2009,3.9,293,7425282
White,Male,Leg (hip to toe),2010,4.3,326,7482632
White,Male,Leg (hip to toe),2011,3.6,281,7553670
White,Male,Leg (hip to toe),2012,4.1,334,7626124
White,Male,Leg (hip to toe),2013,4.2,331,7689805
White,Male,Leg (hip to toe),2014,4.5,368,7754817
White,Male,Leg (hip to toe),2015,4.8,395,7824155
White,Male,Leg (hip to toe),2016,4.5,379,7897468
White,Male,Leg (hip to toe),2017,4.5,382,7954076
White,Male,Leg (hip to toe),2018,4.8,417,8003038
White,Male,Leg (hip to toe),2019,4.4,393,8045143
White,Male,Leg (hip to toe),2020,4.2,381,8071692
White,Male,Leg (hip to toe),2021,4.7,431,8059001
White,Male,Leg (hip to toe),2022,4.4,388,8059524
White,Female,All sites,1975-2022,25.1,86997,334839916
White,Female,All sites,1975,11.1,571,5521148
White,Female,All sites,1976,11.0,582,5612706
White,Female,All sites,1977,12.1,666,5704902
White,Female,All sites,1978,13.1,710,5800015
White,Female,All sites,1979,13.4,741,5895280
White,Female,All sites,1980,14.1,799,5987920
White,Female,All sites,1981,15.4,867,6050431
White,Female,All sites,1982,14.9,860,6094335
White,Female,All sites,1983,14.8,862,6143091
White,Female,All sites,1984,15.5,925,6197316
White,Female,All sites,1985,16.5,1000,6253725
White,Female,All sites,1986,16.5,1008,6307833
White,Female,All sites,1987,17.8,1109,6352958
White,Female,All sites,1988,17.6,1109,6402986
White,Female,All sites,1989,17.8,1131,6445074
White,Female,All sites,1990,17.7,1144,6498067
White,Female,All sites,1991,18.8,1239,6565071
White,Female,All sites,1992,18.4,1243,6643630
White,Female,All sites,1993,17.8,1217,6711948
White,Female,All sites,1994,19.4,1336,6777063
White,Female,All sites,1995,20.9,1454,6845977
White,Female,All sites,1996,21.5,1520,6911569
White,Female,All sites,1997,22.8,1633,6987172
White,Female,All sites,1998,22.2,1598,7054270
White,Female,All sites,1999,22.9,1661,7102819
White,Female,All sites,2000,24.5,1800,7150269
White,Female,All sites,2001,25.6,1893,7193008
White,Female,All sites,2002,24.3,1818,7219639
White,Female,All sites,2003,25.3,1895,7245252
White,Female,All sites,2004,27.4,2081,7277804
White,Female,All sites,2005,29.9,2288,7327533
White,Female,All sites,2006,29.6,2288,7394461
White,Female,All sites,2007,28.8,2260,7456093
White,Female,All sites,2008,30.8,2464,7521236
White,Female,All sites,2009,30.6,2473,7582074
White,Female,All sites,2010,32.4,2671,7635454
White,Female,All sites,2011,30.7,2520,7689145
White,Female,All sites,2012,30.1,2540,7741973
White,Female,All sites,2013,32.0,2724,7785797
White,Female,All sites,2014,34.5,2966,7831246
White,Female,All sites,2015,35.6,3097,7878985
White,Female,All sites,2016,35.3,3110,7930823
White,Female,All sites,2017,35.6,3167,7968808
White,Female,All sites,2018,34.1,3102,8001935
White,Female,All sites,2019,36.8,3354,8029331
White,Female,All sites,2020,31.4,2847,8040713
White,Female,All sites,2021,36.2,3322,8033847
White,Female,All sites,2022,35.6,3332,8037184
White,Female,Head and Neck,1975-2022,3.4,12279,334839916
White,Female,Head and Neck,1975,1.8,94,5521148
White,Female,Head and Neck,1976,1.9,99,5612706
White,Female,Head and Neck,1977,1.8,100,5704902
White,Female,Head and Neck,1978,2.0,109,5800015
White,Female,Head and Neck,1979,2.0,116,5895280
White,Female,Head and Neck,1980,2.2,130,5987920
White,Female,Head and Neck,1981,2.4,142,6050431
White,Female,Head and Neck,1982,2.1,125,6094335
White,Female,Head and Neck,1983,1.9,117,6143091
White,Female,Head and Neck,1984,2.4,145,6197316
White,Female,Head and Neck,1985,2.0,128,6253725
White,Female,Head and Neck,1986,2.1,139,6307833
White,Female,Head and Neck,1987,2.6,168,6352958
White,Female,Head and Neck,1988,2.3,152,6402986
White,Female,Head and Neck,1989,2.6,171,6445074
White,Female,Head and Neck,1990,2.4,160,6498067
White,Female,Head and Neck,1991,2.6,183,6565071
White,Female,Head and Neck,1992,2.5,176,6643630
White,Female,Head and Neck,1993,2.6,190,6711948
White,Female,Head and Neck,1994,2.6,187,6777063
White,Female,Head and Neck,1995,2.8,202,6845977
White,Female,Head and Neck,1996,2.8,210,6911569
White,Female,Head and Neck,1997,3.1,234,6987172
White,Female,Head and Neck,1998,3.3,246,7054270
White,Female,Head and Neck,1999,3.2,248,7102819
White,Female,Head and Neck,2000,3.5,271,7150269
White,Female,Head and Neck,2001,3.6,274,7193008
White,Female,Head and Neck,2002,3.3,260,7219639
White,Female,Head and Neck,2003,3.4,269,7245252
White,Female,Head and Neck,2004,3.7,297,7277804
White,Female,Head and Neck,2005,3.9,316,7327533
White,Female,Head and Neck,2006,3.9,319,7394461
White,Female,Head and Neck,2007,3.6,304,7456093
White,Female,Head and Neck,2008,4.0,332,7521236
White,Female,Head and Neck,2009,4.4,373,7582074
White,Female,Head and Neck,2010,4.3,374,7635454
White,Female,Head and Neck,2011,4.4,384,7689145
White,Female,Head and Neck,2012,3.7,324,7741973
White,Female,Head and Neck,2013,4.0,360,7785797
White,Female,Head and Neck,2014,4.6,403,7831246
White,Female,Head and Neck,2015,4.4,409,7878985
White,Female,Head and Neck,2016,4.5,421,7930823
White,Female,Head and Neck,2017,4.5,407,7968808
White,Female,Head and Neck,2018,4.7,444,8001935
White,Female,Head and Neck,2019,4.8,455,8029331
White,Female,Head and Neck,2020,4.0,379,8040713
White,Female,Head and Neck,2021,4.5,439,8033847
White,Female,Head and Neck,2022,5.0,494,8037184
White,Female,Trunk,1975-2022,6.7,22604,334839916
White,Female,Trunk,1975,2.3,121,5521148
White,Female,Trunk,1976,2.4,125,5612706
White,Female,Trunk,1977,2.8,154,5704902
White,Female,Trunk,1978,3.2,179,5800015
White,Female,Trunk,1979,3.5,183,5895280
White,Female,Trunk,1980,3.7,207,5987920
White,Female,Trunk,1981,3.6,204,6050431
White,Female,Trunk,1982,3.3,190,6094335
White,Female,Trunk,1983,3.3,193,6143091
White,Female,Trunk,1984,3.2,193,6197316
White,Female,Trunk,1985,4.2,258,6253725
White,Female,Trunk,1986,4.3,264,6307833
White,Female,Trunk,1987,4.6,285,6352958
White,Female,Trunk,1988,4.9,302,6402986
White,Female,Trunk,1989,4.9,307,6445074
White,Female,Trunk,1990,4.6,301,6498067
White,Female,Trunk,1991,4.7,308,6565071
White,Female,Trunk,1992,4.8,323,6643630
White,Female,Trunk,1993,4.7,319,6711948
White,Female,Trunk,1994,5.3,360,6777063
White,Female,Trunk,1995,5.6,382,6845977
White,Female,Trunk,1996,5.7,398,6911569
White,Female,Trunk,1997,6.2,435,6987172
White,Female,Trunk,1998,5.5,390,7054270
White,Female,Trunk,1999,5.8,412,7102819
White,Female,Trunk,2000,6.2,442,7150269
White,Female,Trunk,2001,6.4,467,7193008
White,Female,Trunk,2002,6.7,487,7219639
White,Female,Trunk,2003,6.8,500,7245252
White,Female,Trunk,2004,7.1,523,7277804
White,Female,Trunk,2005,8.3,617,7327533
White,Female,Trunk,2006,8.3,628,7394461
White,Female,Trunk,2007,7.9,593,7456093
White,Female,Trunk,2008,8.2,638,7521236
White,Female,Trunk,2009,7.7,604,7582074
White,Female,Trunk,2010,8.7,692,7635454
White,Female,Trunk,2011,8.2,638,7689145
White,Female,Trunk,2012,8.5,683,7741973
White,Female,Trunk,2013,8.4,680,7785797
White,Female,Trunk,2014,9.4,790,7831246
White,Female,Trunk,2015,10.4,875,7878985
White,Female,Trunk,2016,9.6,817,7930823
White,Female,Trunk,2017,10.2,871,7968808
White,Female,Trunk,2018,9.5,835,8001935
White,Female,Trunk,2019,9.9,886,8029331
White,Female,Trunk,2020,8.6,745,8040713
White,Female,Trunk,2021,10.2,908,8033847
White,Female,Trunk,2022,10.0,892,8037184
White,Female,Arm (shoulder to finger),1975-2022,7.1,24923,334839916
White,Female,Arm (shoulder to finger),1975,2.8,146,5521148
White,Female,Arm (shoulder to finger),1976,3.2,168,5612706
White,Female,Arm (shoulder to finger),1977,3.2,177,5704902
White,Female,Arm (shoulder to finger),1978,3.2,174,5800015
White,Female,Arm (shoulder to finger),1979,3.7,203,5895280
White,Female,Arm (shoulder to finger),1980,3.9,215,5987920
White,Female,Arm (shoulder to finger),1981,4.3,230,6050431
White,Female,Arm (shoulder to finger),1982,3.9,224,6094335
White,Female,Arm (shoulder to finger),1983,4.3,244,6143091
White,Female,Arm (shoulder to finger),1984,4.3,257,6197316
White,Female,Arm (shoulder to finger),1985,4.7,275,6253725
White,Female,Arm (shoulder to finger),1986,4.1,241,6307833
White,Female,Arm (shoulder to finger),1987,4.8,295,6352958
White,Female,Arm (shoulder to finger),1988,4.5,284,6402986
White,Female,Arm (shoulder to finger),1989,4.5,284,6445074
White,Female,Arm (shoulder to finger),1990,4.7,306,6498067
White,Female,Arm (shoulder to finger),1991,5.0,324,6565071
White,Female,Arm (shoulder to finger),1992,5.2,346,6643630
White,Female,Arm (shoulder to finger),1993,4.6,316,6711948
White,Female,Arm (shoulder to finger),1994,5.3,363,6777063
White,Female,Arm (shoulder to finger),1995,5.8,403,6845977
White,Female,Arm (shoulder to finger),1996,5.8,411,6911569
White,Female,Arm (shoulder to finger),1997,6.0,423,6987172
White,Female,Arm (shoulder to finger),1998,6.2,447,7054270
White,Female,Arm (shoulder to finger),1999,6.1,443,7102819
White,Female,Arm (shoulder to finger),2000,6.6,482,7150269
White,Female,Arm (shoulder to finger),2001,7.0,520,7193008
White,Female,Arm (shoulder to finger),2002,6.4,483,7219639
White,Female,Arm (shoulder to finger),2003,6.6,501,7245252
White,Female,Arm (shoulder to finger),2004,7.8,599,7277804
White,Female,Arm (shoulder to finger),2005,8.2,635,7327533
White,Female,Arm (shoulder to finger),2006,7.7,602,7394461
White,Female,Arm (shoulder to finger),2007,8.1,653,7456093
White,Female,Arm (shoulder to finger),2008,8.6,702,7521236
White,Female,Arm (shoulder to finger),2009,8.9,737,7582074
White,Female,Arm (shoulder to finger),2010,9.1,765,7635454
White,Female,Arm (shoulder to finger),2011,9.0,759,7689145
White,Female,Arm (shoulder to finger),2012,8.7,767,7741973
White,Female,Arm (shoulder to finger),2013,9.4,831,7785797
White,Female,Arm (shoulder to finger),2014,10.6,934,7831246
White,Female,Arm (shoulder to finger),2015,10.5,935,7878985
White,Female,Arm (shoulder to finger),2016,11.1,1002,7930823
White,Female,Arm (shoulder to finger),2017,10.4,955,7968808
White,Female,Arm (shoulder to finger),2018,10.0,944,8001935
White,Female,Arm (shoulder to finger),2019,10.6,1004,8029331
White,Female,Arm (shoulder to finger),2020,9.1,864,8040713
White,Female,Arm (shoulder to finger),2021,10.7,1005,8033847
White,Female,Arm (shoulder to finger),2022,10.8,1045,8037184
White,Female,Leg (hip to toe),1975-2022,8.0,27191,334839916
White,Female,Leg (hip to toe),1975,4.2,210,5521148
White,Female,Leg (hip to toe),1976,3.5,190,5612706
White,Female,Leg (hip to toe),1977,4.3,235,5704902
White,Female,Leg (hip to toe),1978,4.6,248,5800015
White,Female,Leg (hip to toe),1979,4.2,239,5895280
White,Female,Leg (hip to toe),1980,4.3,247,5987920
White,Female,Leg (hip to toe),1981,5.1,291,6050431
White,Female,Leg (hip to toe),1982,5.6,321,6094335
White,Female,Leg (hip to toe),1983,5.3,308,6143091
White,Female,Leg (hip to toe),1984,5.6,330,6197316
White,Female,Leg (hip to toe),1985,5.6,339,6253725
White,Female,Leg (hip to toe),1986,6.0,364,6307833
White,Female,Leg (hip to toe),1987,5.7,361,6352958
White,Female,Leg (hip to toe),1988,5.9,371,6402986
White,Female,Leg (hip to toe),1989,5.8,369,6445074
White,Female,Leg (hip to toe),1990,5.9,377,6498067
White,Female,Leg (hip to toe),1991,6.5,424,6565071
White,Female,Leg (hip to toe),1992,5.9,398,6643630
White,Female,Leg (hip to toe),1993,5.9,392,6711948
White,Female,Leg (hip to toe),1994,6.2,426,6777063
White,Female,Leg (hip to toe),1995,6.8,467,6845977
White,Female,Leg (hip to toe),1996,7.1,501,6911569
White,Female,Leg (hip to toe),1997,7.6,541,6987172
White,Female,Leg (hip to toe),1998,7.2,515,7054270
White,Female,Leg (hip to toe),1999,7.7,558,7102819
White,Female,Leg (hip to toe),2000,8.3,605,7150269
White,Female,Leg (hip to toe),2001,8.6,632,7193008
White,Female,Leg (hip to toe),2002,7.9,588,7219639
White,Female,Leg (hip to toe),2003,8.4,625,7245252
White,Female,Leg (hip to toe),2004,8.8,662,7277804
White,Female,Leg (hip to toe),2005,9.5,720,7327533
White,Female,Leg (hip to toe),2006,9.7,739,7394461
White,Female,Leg (hip to toe),2007,9.2,710,7456093
White,Female,Leg (hip to toe),2008,10.1,792,7521236
White,Female,Leg (hip to toe),2009,9.6,759,7582074
White,Female,Leg (hip to toe),2010,10.4,840,7635454
White,Female,Leg (hip to toe),2011,9.1,739,7689145
White,Female,Leg (hip to toe),2012,9.2,766,7741973
White,Female,Leg (hip to toe),2013,10.2,853,7785797
White,Female,Leg (hip to toe),2014,10.0,839,7831246
White,Female,Leg (hip to toe),2015,10.3,878,7878985
White,Female,Leg (hip to toe),2016,10.1,870,7930823
White,Female,Leg (hip to toe),2017,10.6,934,7968808
White,Female,Leg (hip to toe),2018,9.9,879,8001935
White,Female,Leg (hip to toe),2019,11.5,1009,8029331
White,Female,Leg (hip to toe),2020,9.6,859,8040713
White,Female,Leg (hip to toe),2021,10.7,970,8033847
White,Female,Leg (hip to toe),2022,9.8,901,8037184
Black,Male and female,All sites,1975-2022,1.2,671,76877543
Black,Male and female,All sites,1975,1.9,8,763690
Black,Male and female,All sites,1976,2.2,11,791291
Black,Male and female,All sites,1977,0.8,5,819523
Black,Male and female,All sites,1978,0.8,3,848392
Black,Male and female,All sites,1979,1.0,6,881049
Black,Male and female,All sites,1980,1.3,7,922777
Black,Male and female,All sites,1981,0.7,5,954239
Black,Male and female,All sites,1982,1.5,8,980787
Black,Male and female,All sites,1983,1.0,6,1009844
Black,Male and female,All sites,1984,0.8,6,1039618
Black,Male and female,All sites,1985,1.5,9,1071833
Black,Male and female,All sites,1986,0.8,6,1103151
Black,Male and female,All sites,1987,1.8,12,1132032
Black,Male and female,All sites,1988,1.7,14,1160591
Black,Male and female,All sites,1989,1.3,10,1183942
Black,Male and female,All sites,1990,2.1,15,1211635
Black,Male and female,All sites,1991,1.7,13,1244589
Black,Male and female,All sites,1992,0.4,5,1279805
Black,Male and female,All sites,1993,0.9,7,1314084
Black,Male and female,All sites,1994,0.9,9,1352992
Black,Male and female,All sites,1995,2.4,22,1392110
Black,Male and female,All sites,1996,1.1,11,1434353
Black,Male and female,All sites,1997,1.4,16,1481631
Black,Male and female,All sites,1998,1.1,11,1527606
Black,Male and female,All sites,1999,1.4,16,1572154
Black,Male and female,All sites,2000,1.0,11,1619817
Black,Male and female,All sites,2001,0.9,11,1659837
Black,Male and female,All sites,2002,1.5,17,1692835
Black,Male and female,All sites,2003,1.1,12,1721384
Black,Male and female,All sites,2004,1.2,16,1754767
Black,Male and female,All sites,2005,1.3,17,1798904
Black,Male and female,All sites,2006,1.2,15,1862089
Black,Male and female,All sites,2007,1.9,23,1912525
Black,Male and female,All sites,2008,1.0,14,1963263
Black,Male and female,All sites,2009,1.3,21,2015898
Black,Male and female,All sites,2010,1.5,24,2056736
Black,Male and female,All sites,2011,1.6,23,2105134
Black,Male and female,All sites,2012,1.3,19,2153338
Black,Male and female,All sites,2013,0.7,13,2196851
Black,Male and female,All sites,2014,1.5,26,2244882
Black,Male and female,All sites,2015,1.3,23,2296843
Black,Male and female,All sites,2016,0.8,17,2349975
Black,Male and female,All sites,2017,1.3,24,2399615
Black,Male and female,All sites,2018,1.3,23,2442597
Black,Male and female,All sites,2019,0.9,17,2486944
Black,Male and female,All sites,2020,1.0,20,2523509
Black,Male and female,All sites,2021,0.8,19,2549077
Black,Male and female,All sites,2022,1.1,25,2597005
Black,Male and female,Head and Neck,1975-2022,0.1,79,76877543
Black,Male and female,Head and Neck,1975,0.1,1,763690
Black,Male and female,Head and Neck,1976,0.4,3,791291
Black,Male and female,Head and Neck,1977,0.1,1,819523
Black,Male and female,Head and Neck,1978,0.0,0,848392
Black,Male and female,Head and Neck,1979,0.1,1,881049
Black,Male and female,Head and Neck,1980,0.0,0,922777
Black,Male and female,Head and Neck,1981,0.0,0,954239
Black,Male and female,Head and Neck,1982,0.0,0,980787
Black,Male and female,Head and Neck,1983,0.1,1,1009844
Black,Male and female,Head and Neck,1984,0.2,2,1039618
Black,Male and female,Head and Neck,1985,0.0,0,1071833
Black,Male and female,Head and Neck,1986,0.1,1,1103151
Black,Male and female,Head and Neck,1987,0.5,2,1132032
Black,Male and female,Head and Neck,1988,0.2,2,1160591
Black,Male and female,Head and Neck,1989,0.0,0,1183942
Black,Male and female,Head and Neck,1990,0.1,1,1211635
Black,Male and female,Head and Neck,1991,0.1,1,1244589
Black,Male and female,Head and Neck,1992,0.0,0,1279805
Black,Male and female,Head and Neck,1993,0.0,0,1314084
Black,Male and female,Head and Neck,1994,0.2,2,1352992
Black,Male and female,Head and Neck,1995,0.8,6,1392110
Black,Male and female,Head and Neck,1996,0.0,0,1434353
Black,Male and female,Head and Neck,1997,0.0,0,1481631
Black,Male and female,Head and Neck,1998,0.3,3,1527606
Black,Male and female,Head and Neck,1999,0.2,2,1572154
Black,Male and female,Head and Neck,2000,0.2,2,1619817
Black,Male and female,Head and Neck,2001,0.1,1,1659837
Black,Male and female,Head and Neck,2002,0.3,4,1692835
Black,Male and female,Head and Neck,2003,0.2,2,1721384
Black,Male and female,Head and Neck,2004,0.1,1,1754767
Black,Male and female,Head and Neck,2005,0.1,2,1798904
Black,Male and female,Head and Neck,2006,0.2,3,1862089
Black,Male and female,Head and Neck,2007,0.0,0,1912525
Black,Male and female,Head and Neck,2008,0.1,2,1963263
Black,Male and female,Head and Neck,2009,0.1,1,2015898
Black,Male and female,Head and Neck,2010,0.1,3,2056736
Black,Male and female,Head and Neck,2011,0.2,3,2105134
Black,Male and female,Head and Neck,2012,0.3,4,2153338
Black,Male and female,Head and Neck,2013,0.0,0,2196851
Black,Male and female,Head and Neck,2014,0.1,2,2244882
Black,Male and female,Head and Neck,2015,0.0,1,2296843
Black,Male and female,Head and Neck,2016,0.0,1,2349975
Black,Male and female,Head and Neck,2017,0.3,4,2399615
Black,Male and female,Head and Neck,2018,0.2,4,2442597
Black,Male and female,Head and Neck,2019,0.3,5,2486944
Black,Male and female,Head and Neck,2020,0.1,1,2523509
Black,Male and female,Head and Neck,2021,0.1,2,2549077
Black,Male and female,Head and Neck,2022,0.1,2,2597005
Black,Male and female,Trunk,1975-2022,0.2,114,76877543
Black,Male and female,Trunk,1975,0.5,1,763690
Black,Male and female,Trunk,1976,0.0,0,791291
Black,Male and female,Trunk,1977,0.0,0,819523
Black,Male and female,Trunk,1978,0.0,0,848392
Black,Male and female,Trunk,1979,0.0,0,881049
Black,Male and female,Trunk,1980,0.1,1,922777
Black,Male and female,Trunk,1981,0.0,0,954239
Black,Male and female,Trunk,1982,0.0,0,980787
Black,Male and female,Trunk,1983,0.3,1,1009844
Black,Male and female,Trunk,1984,0.1,1,1039618
Black,Male and female,Trunk,1985,0.0,0,1071833
Black,Male and female,Trunk,1986,0.4,3,1103151
Black,Male and female,Trunk,1987,0.0,0,1132032
Black,Male and female,Trunk,1988,0.6,5,1160591
Black,Male and female,Trunk,1989,0.1,1,1183942
Black,Male and female,Trunk,1990,0.0,0,1211635
Black,Male and female,Trunk,1991,0.4,3,1244589
Black,Male and female,Trunk,1992,0.1,2,1279805
Black,Male and female,Trunk,1993,0.2,1,1314084
Black,Male and female,Trunk,1994,0.1,2,1352992
Black,Male and female,Trunk,1995,0.6,6,1392110
Black,Male and female,Trunk,1996,0.2,2,1434353
Black,Male and female,Trunk,1997,0.3,4,1481631
Black,Male and female,Trunk,1998,0.1,2,1527606
Black,Male and female,Trunk,1999,0.1,2,1572154
Black,Male and female,Trunk,2000,0.1,1,1619817
Black,Male and female,Trunk,2001,0.1,1,1659837
Black,Male and female,Trunk,2002,0.3,4,1692835
Black,Male and female,Trunk,2003,0.4,5,1721384
Black,Male and female,Trunk,2004,0.1,2,1754767
Black,Male and female,Trunk,2005,0.2,3,1798904
Black,Male and female,Trunk,2006,0.0,0,1862089
Black,Male and female,Trunk,2007,0.3,3,1912525
Black,Male and female,Trunk,2008,0.0,0,1963263
Black,Male and female,Trunk,2009,0.3,5,2015898
Black,Male and female,Trunk,2010,0.3,5,2056736
Black,Male and female,Trunk,2011,0.2,3,2105134
Black,Male and female,Trunk,2012,0.2,4,2153338
Black,Male and female,Trunk,2013,0.1,3,2196851
Black,Male and female,Trunk,2014,0.0,1,2244882
Black,Male and female,Trunk,2015,0.2,3,2296843
Black,Male and female,Trunk,2016,0.3,7,2349975
Black,Male and female,Trunk,2017,0.4,8,2399615
Black,Male and female,Trunk,2018,0.3,5,2442597
Black,Male and female,Trunk,2019,0.2,3,2486944
Black,Male and female,Trunk,2020,0.2,5,2523509
Black,Male and female,Trunk,2021,0.1,2,2549077
Black,Male and female,Trunk,2022,0.2,4,2597005
Black,Male and female,Arm (shoulder to finger),1975-2022,0.2,107,76877543
Black,Male and female,Arm (shoulder to finger),1975,0.3,2,763690
Black,Male and female,Arm (shoulder to finger),1976,0.0,0,791291
Black,Male and female,Arm (shoulder to finger),1977,0.2,1,819523
Black,Male and female,Arm (shoulder to finger),1978,0.0,0,848392
Black,Male and female,Arm (shoulder to finger),1979,0.1,1,881049
Black,Male and female,Arm (shoulder to finger),1980,0.2,1,922777
Black,Male and female,Arm (shoulder to finger),1981,0.0,0,954239
Black,Male and female,Arm (shoulder to finger),1982,0.1,1,980787
Black,Male and female,Arm (shoulder to finger),1983,0.1,1,1009844
Black,Male and female,Arm (shoulder to finger),1984,0.0,0,1039618
Black,Male and female,Arm (shoulder to finger),1985,0.3,2,1071833
Black,Male and female,Arm (shoulder to finger),1986,0.0,0,1103151
Black,Male and female,Arm (shoulder to finger),1987,0.0,0,1132032
Black,Male and female,Arm (shoulder to finger),1988,0.3,2,1160591
Black,Male and female,Arm (shoulder to finger),1989,0.2,1,1183942
Black,Male and female,Arm (shoulder to finger),1990,0.4,3,1211635
Black,Male and female,Arm (shoulder to finger),1991,0.2,2,1244589
Black,Male and female,Arm (shoulder to finger),1992,0.1,1,1279805
Black,Male and female,Arm (shoulder to finger),1993,0.1,1,1314084
Black,Male and female,Arm (shoulder to finger),1994,0.1,1,1352992
Black,Male and female,Arm (shoulder to finger),1995,0.3,3,1392110
Black,Male and female,Arm (shoulder to finger),1996,0.3,3,1434353
Black,Male and female,Arm (shoulder to finger),1997,0.5,6,1481631
Black,Male and female,Arm (shoulder to finger),1998,0.0,0,1527606
Black,Male and female,Arm (shoulder to finger),1999,0.0,1,1572154
Black,Male and female,Arm (shoulder to finger),2000,0.0,0,1619817
Black,Male and female,Arm (shoulder to finger),2001,0.2,3,1659837
Black,Male and female,Arm (shoulder to finger),2002,0.1,1,1692835
Black,Male and female,Arm (shoulder to finger),2003,0.1,1,1721384
Black,Male and female,Arm (shoulder to finger),2004,0.0,0,1754767
Black,Male and female,Arm (shoulder to finger),2005,0.4,4,1798904
Black,Male and female,Arm (shoulder to finger),2006,0.3,3,1862089
Black,Male and female,Arm (shoulder to finger),2007,0.4,5,1912525
Black,Male and female,Arm (shoulder to finger),2008,0.2,4,1963263
Black,Male and female,Arm (shoulder to finger),2009,0.2,4,2015898
Black,Male and female,Arm (shoulder to finger),2010,0.2,3,2056736
Black,Male and female,Arm (shoulder to finger),2011,0.4,6,2105134
Black,Male and female,Arm (shoulder to finger),2012,0.1,1,2153338
Black,Male and female,Arm (shoulder to finger),2013,0.2,3,2196851
Black,Male and female,Arm (shoulder to finger),2014,0.2,6,2244882
Black,Male and female,Arm (shoulder to finger),2015,0.3,7,2296843
Black,Male and female,Arm (shoulder to finger),2016,0.0,1,2349975
Black,Male and female,Arm (shoulder to finger),2017,0.2,5,2399615
Black,Male and female,Arm (shoulder to finger),2018,0.2,4,2442597
Black,Male and female,Arm (shoulder to finger),2019,0.2,3,2486944
Black,Male and female,Arm (shoulder to finger),2020,0.3,4,2523509
Black,Male and female,Arm (shoulder to finger),2021,0.1,3,2549077
Black,Male and female,Arm (shoulder to finger),2022,0.1,3,2597005
Black,Male and female,Leg (hip to toe),1975-2022,0.7,371,76877543
Black,Male and female,Leg (hip to toe),1975,1.0,4,763690
Black,Male and female,Leg (hip to toe),1976,1.8,8,791291
Black,Male and female,Leg (hip to toe),1977,0.5,3,819523
Black,Male and female,Leg (hip to toe),1978,0.8,3,848392
Black,Male and female,Leg (hip to toe),1979,0.8,4,881049
Black,Male and female,Leg (hip to toe),1980,0.9,5,922777
Black,Male and female,Leg (hip to toe),1981,0.7,5,954239
Black,Male and female,Leg (hip to toe),1982,1.3,7,980787
Black,Male and female,Leg (hip to toe),1983,0.4,3,1009844
Black,Male and female,Leg (hip to toe),1984,0.5,3,1039618
Black,Male and female,Leg (hip to toe),1985,1.2,7,1071833
Black,Male and female,Leg (hip to toe),1986,0.2,2,1103151
Black,Male and female,Leg (hip to toe),1987,1.3,10,1132032
Black,Male and female,Leg (hip to toe),1988,0.6,5,1160591
Black,Male and female,Leg (hip to toe),1989,1.0,8,1183942
Black,Male and female,Leg (hip to toe),1990,1.6,11,1211635
Black,Male and female,Leg (hip to toe),1991,1.0,7,1244589
Black,Male and female,Leg (hip to toe),1992,0.2,2,1279805
Black,Male and female,Leg (hip to toe),1993,0.7,5,1314084
Black,Male and female,Leg (hip to toe),1994,0.4,4,1352992
Black,Male and female,Leg (hip to toe),1995,0.7,7,1392110
Black,Male and female,Leg (hip to toe),1996,0.7,6,1434353
Black,Male and female,Leg (hip to toe),1997,0.6,6,1481631
Black,Male and female,Leg (hip to toe),1998,0.7,6,1527606
Black,Male and female,Leg (hip to toe),1999,1.1,11,1572154
Black,Male and female,Leg (hip to toe),2000,0.7,8,1619817
Black,Male and female,Leg (hip to toe),2001,0.6,6,1659837
Black,Male and female,Leg (hip to toe),2002,0.8,8,1692835
Black,Male and female,Leg (hip to toe),2003,0.4,4,1721384
Black,Male and female,Leg (hip to toe),2004,1.0,13,1754767
Black,Male and female,Leg (hip to toe),2005,0.6,8,1798904
Black,Male and female,Leg (hip to toe),2006,0.7,9,1862089
Black,Male and female,Leg (hip to toe),2007,1.3,15,1912525
Black,Male and female,Leg (hip to toe),2008,0.6,8,1963263
Black,Male and female,Leg (hip to toe),2009,0.8,11,2015898
Black,Male and female,Leg (hip to toe),2010,0.9,13,2056736
Black,Male and female,Leg (hip to toe),2011,0.8,11,2105134
Black,Male and female,Leg (hip to toe),2012,0.8,10,2153338
Black,Male and female,Leg (hip to toe),2013,0.4,7,2196851
Black,Male and female,Leg (hip to toe),2014,1.1,17,2244882
Black,Male and female,Leg (hip to toe),2015,0.7,12,2296843
Black,Male and female,Leg (hip to toe),2016,0.4,8,2349975
Black,Male and female,Leg (hip to toe),2017,0.4,7,2399615
Black,Male and female,Leg (hip to toe),2018,0.6,10,2442597
Black,Male and female,Leg (hip to toe),2019,0.3,6,2486944
Black,Male and female,Leg (hip to toe),2020,0.4,10,2523509
Black,Male and female,Leg (hip to toe),2021,0.6,12,2549077
Black,Male and female,Leg (hip to toe),2022,0.7,16,2597005
Black,Male,All sites,1975-2022,1.5,323,36483595
Black,Male,All sites,1975,2.3,4,361073
Black,Male,All sites,1976,4.2,7,374333
Black,Male,All sites,1977,0.3,1,387437
Black,Male,All sites,1978,0.6,1,400838
Black,Male,All sites,1979,0.6,3,416237
Black,Male,All sites,1980,0.7,2,437202
Black,Male,All sites,1981,1.0,3,452117
Black,Male,All sites,1982,2.0,5,464870
Black,Male,All sites,1983,0.9,1,478879
Black,Male,All sites,1984,0.3,1,493291
Black,Male,All sites,1985,0.3,1,508852
Black,Male,All sites,1986,1.0,4,524352
Black,Male,All sites,1987,1.9,5,538122
Black,Male,All sites,1988,2.1,6,551870
Black,Male,All sites,1989,1.9,5,563053
Black,Male,All sites,1990,2.9,7,577765
Black,Male,All sites,1991,2.2,8,592573
Black,Male,All sites,1992,0.2,1,608768
Black,Male,All sites,1993,0.6,2,623560
Black,Male,All sites,1994,0.8,4,641273
Black,Male,All sites,1995,5.3,18,658871
Black,Male,All sites,1996,1.3,6,678346
Black,Male,All sites,1997,2.4,9,700639
Black,Male,All sites,1998,1.0,4,722653
Black,Male,All sites,1999,1.7,5,743332
Black,Male,All sites,2000,1.8,8,766325
Black,Male,All sites,2001,1.7,8,785413
Black,Male,All sites,2002,2.5,10,800064
Black,Male,All sites,2003,2.1,8,811351
Black,Male,All sites,2004,1.2,6,827254
Black,Male,All sites,2005,1.4,5,847164
Black,Male,All sites,2006,1.4,5,877138
Black,Male,All sites,2007,1.5,9,899368
Black,Male,All sites,2008,1.2,9,924811
Black,Male,All sites,2009,1.4,12,950725
Black,Male,All sites,2010,2.0,11,970542
Black,Male,All sites,2011,1.9,10,995727
Black,Male,All sites,2012,1.4,9,1020154
Black,Male,All sites,2013,0.6,7,1042130
Black,Male,All sites,2014,2.0,13,1066504
Black,Male,All sites,2015,1.8,11,1091804
Black,Male,All sites,2016,1.1,10,1119645
Black,Male,All sites,2017,2.0,16,1145590
Black,Male,All sites,2018,1.0,8,1168487
Black,Male,All sites,2019,1.5,10,1191608
Black,Male,All sites,2020,1.3,9,1211275
Black,Male,All sites,2021,0.7,7,1223629
Black,Male,All sites,2022,1.0,9,1246581
Black,Male,Head and Neck,1975-2022,0.2,42,36483595
Black,Male,Head and Neck,1975,0.2,1,361073
Black,Male,Head and Neck,1976,0.4,1,374333
Black,Male,Head and Neck,1977,0.3,1,387437
Black,Male,Head and Neck,1978,0.0,0,400838
Black,Male,Head and Neck,1979,0.1,1,416237
Black,Male,Head and Neck,1980,0.0,0,437202
Black,Male,Head and Neck,1981,0.0,0,452117
Black,Male,Head and Neck,1982,0.0,0,464870
Black,Male,Head and Neck,1983,0.0,0,478879
Black,Male,Head and Neck,1984,0.0,0,493291
Black,Male,Head and Neck,1985,0.0,0,508852
Black,Male,Head and Neck,1986,0.3,1,524352
Black,Male,Head and Neck,1987,0.7,1,538122
Black,Male,Head and Neck,1988,0.2,1,551870
Black,Male,Head and Neck,1989,0.0,0,563053
Black,Male,Head and Neck,1990,0.0,0,577765
Black,Male,Head and Neck,1991,0.1,1,592573
Black,Male,Head and Neck,1992,0.0,0,608768
Black,Male,Head and Neck,1993,0.0,0,623560
Black,Male,Head and Neck,1994,0.5,2,641273
Black,Male,Head and Neck,1995,2.3,6,658871
Black,Male,Head and Neck,1996,0.0,0,678346
Black,Male,Head and Neck,1997,0.0,0,700639
Black,Male,Head and Neck,1998,0.0,0,722653
Black,Male,Head and Neck,1999,0.2,1,743332
Black,Male,Head and Neck,2000,0.4,2,766325
Black,Male,Head and Neck,2001,0.2,1,785413
Black,Male,Head and Neck,2002,0.5,2,800064
Black,Male,Head and Neck,2003,0.3,1,811351
Black,Male,Head and Neck,2004,0.0,0,827254
Black,Male,Head and Neck,2005,0.2,1,847164
Black,Male,Head and Neck,2006,0.4,1,877138
Black,Male,Head and Neck,2007,0.0,0,899368
Black,Male,Head and Neck,2008,0.3,2,924811
Black,Male,Head and Neck,2009,0.1,1,950725
Black,Male,Head and Neck,2010,0.0,0,970542
Black,Male,Head and Neck,2011,0.2,1,995727
Black,Male,Head and Neck,2012,0.2,2,1020154
Black,Male,Head and Neck,2013,0.0,0,1042130
Black,Male,Head and Neck,2014,0.1,1,1066504
Black,Male,Head and Neck,2015,0.0,0,1091804
Black,Male,Head and Neck,2016,0.1,1,1119645
Black,Male,Head and Neck,2017,0.4,2,1145590
Black,Male,Head and Neck,2018,0.2,1,1168487
Black,Male,Head and Neck,2019,0.8,4,1191608
Black,Male,Head and Neck,2020,0.0,0,1211275
Black,Male,Head and Neck,2021,0.0,0,1223629
Black,Male,Head and Neck,2022,0.4,2,1246581
Black,Male,Trunk,1975-2022,0.3,64,36483595
Black,Male,Trunk,1975,0.0,0,361073
Black,Male,Trunk,1976,0.0,0,374333
Black,Male,Trunk,1977,0.0,0,387437
Black,Male,Trunk,1978,0.0,0,400838
Black,Male,Trunk,1979,0.0,0,416237
Black,Male,Trunk,1980,0.0,0,437202
Black,Male,Trunk,1981,0.0,0,452117
Black,Male,Trunk,1982,0.0,0,464870
Black,Male,Trunk,1983,0.9,1,478879
Black,Male,Trunk,1984,0.0,0,493291
Black,Male,Trunk,1985,0.0,0,508852
Black,Male,Trunk,1986,0.5,2,524352
Black,Male,Trunk,1987,0.0,0,538122
Black,Male,Trunk,1988,1.0,2,551870
Black,Male,Trunk,1989,0.0,0,563053
Black,Male,Trunk,1990,0.0,0,577765
Black,Male,Trunk,1991,1.0,3,592573
Black,Male,Trunk,1992,0.0,0,608768
Black,Male,Trunk,1993,0.5,1,623560
Black,Male,Trunk,1994,0.2,1,641273
Black,Male,Trunk,1995,1.3,5,658871
Black,Male,Trunk,1996,0.4,2,678346
Black,Male,Trunk,1997,0.6,3,700639
Black,Male,Trunk,1998,0.1,1,722653
Black,Male,Trunk,1999,0.0,0,743332
Black,Male,Trunk,2000,0.3,1,766325
Black,Male,Trunk,2001,0.1,1,785413
Black,Male,Trunk,2002,0.6,3,800064
Black,Male,Trunk,2003,0.5,3,811351
Black,Male,Trunk,2004,0.1,1,827254
Black,Male,Trunk,2005,0.3,1,847164
Black,Male,Trunk,2006,0.0,0,877138
Black,Male,Trunk,2007,0.2,1,899368
Black,Male,Trunk,2008,0.0,0,924811
Black,Male,Trunk,2009,0.3,3,950725
Black,Male,Trunk,2010,0.1,1,970542
Black,Male,Trunk,2011,0.0,0,995727
Black,Male,Trunk,2012,0.6,4,1020154
Black,Male,Trunk,2013,0.2,3,1042130
Black,Male,Trunk,2014,0.1,1,1066504
Black,Male,Trunk,2015,0.4,2,1091804
Black,Male,Trunk,2016,0.5,5,1119645
Black,Male,Trunk,2017,0.5,6,1145590
Black,Male,Trunk,2018,0.1,1,1168487
Black,Male,Trunk,2019,0.1,1,1191608
Black,Male,Trunk,2020,0.2,2,1211275
Black,Male,Trunk,2021,0.1,1,1223629
Black,Male,Trunk,2022,0.2,2,1246581
Black,Male,Arm (shoulder to finger),1975-2022,0.2,54,36483595
Black,Male,Arm (shoulder to finger),1975,0.3,1,361073
Black,Male,Arm (shoulder to finger),1976,0.0,0,374333
Black,Male,Arm (shoulder to finger),1977,0.0,0,387437
Black,Male,Arm (shoulder to finger),1978,0.0,0,400838
Black,Male,Arm (shoulder to finger),1979,0.0,0,416237
Black,Male,Arm (shoulder to finger),1980,0.0,0,437202
Black,Male,Arm (shoulder to finger),1981,0.0,0,452117
Black,Male,Arm (shoulder to finger),1982,0.3,1,464870
Black,Male,Arm (shoulder to finger),1983,0.0,0,478879
Black,Male,Arm (shoulder to finger),1984,0.0,0,493291
Black,Male,Arm (shoulder to finger),1985,0.0,0,508852
Black,Male,Arm (shoulder to finger),1986,0.0,0,524352
Black,Male,Arm (shoulder to finger),1987,0.0,0,538122
Black,Male,Arm (shoulder to finger),1988,0.6,2,551870
Black,Male,Arm (shoulder to finger),1989,0.5,1,563053
Black,Male,Arm (shoulder to finger),1990,0.3,1,577765
Black,Male,Arm (shoulder to finger),1991,0.3,1,592573
Black,Male,Arm (shoulder to finger),1992,0.0,0,608768
Black,Male,Arm (shoulder to finger),1993,0.1,1,623560
Black,Male,Arm (shoulder to finger),1994,0.0,0,641273
Black,Male,Arm (shoulder to finger),1995,0.5,2,658871
Black,Male,Arm (shoulder to finger),1996,0.7,3,678346
Black,Male,Arm (shoulder to finger),1997,1.0,3,700639
Black,Male,Arm (shoulder to finger),1998,0.0,0,722653
Black,Male,Arm (shoulder to finger),1999,0.1,1,743332
Black,Male,Arm (shoulder to finger),2000,0.0,0,766325
Black,Male,Arm (shoulder to finger),2001,0.4,2,785413
Black,Male,Arm (shoulder to finger),2002,0.0,0,800064
Black,Male,Arm (shoulder to finger),2003,0.4,1,811351
Black,Male,Arm (shoulder to finger),2004,0.0,0,827254
Black,Male,Arm (shoulder to finger),2005,0.0,0,847164
Black,Male,Arm (shoulder to finger),2006,0.6,2,877138
Black,Male,Arm (shoulder to finger),2007,0.3,3,899368
Black,Male,Arm (shoulder to finger),2008,0.2,2,924811
Black,Male,Arm (shoulder to finger),2009,0.3,3,950725
Black,Male,Arm (shoulder to finger),2010,0.3,3,970542
Black,Male,Arm (shoulder to finger),2011,0.4,2,995727
Black,Male,Arm (shoulder to finger),2012,0.0,0,1020154
Black,Male,Arm (shoulder to finger),2013,0.1,1,1042130
Black,Male,Arm (shoulder to finger),2014,0.2,2,1066504
Black,Male,Arm (shoulder to finger),2015,0.3,3,1091804
Black,Male,Arm (shoulder to finger),2016,0.0,0,1119645
Black,Male,Arm (shoulder to finger),2017,0.3,3,1145590
Black,Male,Arm (shoulder to finger),2018,0.2,2,1168487
Black,Male,Arm (shoulder to finger),2019,0.3,2,1191608
Black,Male,Arm (shoulder to finger),2020,0.7,3,1211275
Black,Male,Arm (shoulder to finger),2021,0.2,2,1223629
Black,Male,Arm (shoulder to finger),2022,0.1,1,1246581
Black,Male,Leg (hip to toe),1975-2022,0.8,163,36483595
Black,Male,Leg (hip to toe),1975,1.8,2,361073
Black,Male,Leg (hip to toe),1976,3.8,6,374333
Black,Male,Leg (hip to toe),1977,0.0,0,387437
Black,Male,Leg (hip to toe),1978,0.6,1,400838
Black,Male,Leg (hip to toe),1979,0.5,2,416237
Black,Male,Leg (hip to toe),1980,0.7,2,437202
Black,Male,Leg (hip to toe),1981,1.0,3,452117
Black,Male,Leg (hip to toe),1982,1.8,4,464870
Black,Male,Leg (hip to toe),1983,0.0,0,478879
Black,Male,Leg (hip to toe),1984,0.3,1,493291
Black,Male,Leg (hip to toe),1985,0.3,1,508852
Black,Male,Leg (hip to toe),1986,0.3,1,524352
Black,Male,Leg (hip to toe),1987,1.2,4,538122
Black,Male,Leg (hip to toe),1988,0.3,1,551870
Black,Male,Leg (hip to toe),1989,1.4,4,563053
Black,Male,Leg (hip to toe),1990,2.6,6,577765
Black,Male,Leg (hip to toe),1991,0.7,3,592573
Black,Male,Leg (hip to toe),1992,0.2,1,608768
Black,Male,Leg (hip to toe),1993,0.0,0,623560
Black,Male,Leg (hip to toe),1994,0.2,1,641273
Black,Male,Leg (hip to toe),1995,1.3,5,658871
Black,Male,Leg (hip to toe),1996,0.2,1,678346
Black,Male,Leg (hip to toe),1997,0.8,3,700639
Black,Male,Leg (hip to toe),1998,0.9,3,722653
Black,Male,Leg (hip to toe),1999,1.4,3,743332
Black,Male,Leg (hip to toe),2000,1.1,5,766325
Black,Male,Leg (hip to toe),2001,1.0,4,785413
Black,Male,Leg (hip to toe),2002,1.5,5,800064
Black,Male,Leg (hip to toe),2003,1.0,3,811351
Black,Male,Leg (hip to toe),2004,1.1,5,827254
Black,Male,Leg (hip to toe),2005,0.9,3,847164
Black,Male,Leg (hip to toe),2006,0.5,2,877138
Black,Male,Leg (hip to toe),2007,1.0,5,899368
Black,Male,Leg (hip to toe),2008,0.7,5,924811
Black,Male,Leg (hip to toe),2009,0.7,5,950725
Black,Male,Leg (hip to toe),2010,1.6,7,970542
Black,Male,Leg (hip to toe),2011,1.4,7,995727
Black,Male,Leg (hip to toe),2012,0.5,3,1020154
Black,Male,Leg (hip to toe),2013,0.3,3,1042130
Black,Male,Leg (hip to toe),2014,1.6,9,1066504
Black,Male,Leg (hip to toe),2015,1.1,6,1091804
Black,Male,Leg (hip to toe),2016,0.5,4,1119645
Black,Male,Leg (hip to toe),2017,0.8,5,1145590
Black,Male,Leg (hip to toe),2018,0.5,4,1168487
Black,Male,Leg (hip to toe),2019,0.2,3,1191608
Black,Male,Leg (hip to toe),2020,0.4,4,1211275
Black,Male,Leg (hip to toe),2021,0.5,4,1223629
Black,Male,Leg (hip to toe),2022,0.4,4,1246581
Black,Female,All sites,1975-2022,1.1,348,40393948
Black,Female,All sites,1975,1.5,4,402617
Black,Female,All sites,1976,1.1,4,416958
Black,Female,All sites,1977,1.2,4,432086
Black,Female,All sites,1978,0.9,2,447554
Black,Female,All sites,1979,1.2,3,464812
Black,Female,All sites,1980,1.6,5,485575
Black,Female,All sites,1981,0.5,2,502122
Black,Female,All sites,1982,1.0,3,515917
Black,Female,All sites,1983,1.3,5,530965
Black,Female,All sites,1984,1.3,5,546327
Black,Female,All sites,1985,2.3,8,562981
Black,Female,All sites,1986,0.6,2,578799
Black,Female,All sites,1987,1.6,7,593910
Black,Female,All sites,1988,1.6,8,608721
Black,Female,All sites,1989,0.9,5,620889
Black,Female,All sites,1990,1.7,8,633870
Black,Female,All sites,1991,1.3,5,652016
Black,Female,All sites,1992,0.6,4,671037
Black,Female,All sites,1993,1.1,5,690524
Black,Female,All sites,1994,1.0,5,711719
Black,Female,All sites,1995,0.5,4,733239
Black,Female,All sites,1996,0.9,5,756007
Black,Female,All sites,1997,0.9,7,780992
Black,Female,All sites,1998,1.1,7,804953
Black,Female,All sites,1999,1.6,11,828822
Black,Female,All sites,2000,0.5,3,853492
Black,Female,All sites,2001,0.4,3,874424
Black,Female,All sites,2002,1.0,7,892771
Black,Female,All sites,2003,0.5,4,910033
Black,Female,All sites,2004,1.2,10,927513
Black,Female,All sites,2005,1.4,12,951740
Black,Female,All sites,2006,1.2,10,984951
Black,Female,All sites,2007,2.1,14,1013157
Black,Female,All sites,2008,0.7,5,1038452
Black,Female,All sites,2009,1.1,9,1065173
Black,Female,All sites,2010,1.3,13,1086194
Black,Female,All sites,2011,1.5,13,1109407
Black,Female,All sites,2012,1.3,10,1133184
Black,Female,All sites,2013,0.6,6,1154721
Black,Female,All sites,2014,1.4,13,1178378
Black,Female,All sites,2015,1.0,12,1205039
Black,Female,All sites,2016,0.6,7,1230330
Black,Female,All sites,2017,0.8,8,1254025
Black,Female,All sites,2018,1.5,15,1274110
Black,Female,All sites,2019,0.6,7,1295336
Black,Female,All sites,2020,0.9,11,1312234
Black,Female,All sites,2021,0.9,12,1325448
Black,Female,All sites,2022,1.2,16,1350424
Black,Female,Head and Neck,1975-2022,0.1,37,40393948
Black,Female,Head and Neck,1975,0.0,0,402617
Black,Female,Head and Neck,1976,0.5,2,416958
Black,Female,Head and Neck,1977,0.0,0,432086
Black,Female,Head and Neck,1978,0.0,0,447554
Black,Female,Head and Neck,1979,0.0,0,464812
Black,Female,Head and Neck,1980,0.0,0,485575
Black,Female,Head and Neck,1981,0.0,0,502122
Black,Female,Head and Neck,1982,0.0,0,515917
Black,Female,Head and Neck,1983,0.2,1,530965
Black,Female,Head and Neck,1984,0.5,2,546327
Black,Female,Head and Neck,1985,0.0,0,562981
Black,Female,Head and Neck,1986,0.0,0,578799
Black,Female,Head and Neck,1987,0.3,1,593910
Black,Female,Head and Neck,1988,0.2,1,608721
Black,Female,Head and Neck,1989,0.0,0,620889
Black,Female,Head and Neck,1990,0.2,1,633870
Black,Female,Head and Neck,1991,0.0,0,652016
Black,Female,Head and Neck,1992,0.0,0,671037
Black,Female,Head and Neck,1993,0.0,0,690524
Black,Female,Head and Neck,1994,0.0,0,711719
Black,Female,Head and Neck,1995,0.0,0,733239
Black,Female,Head and Neck,1996,0.0,0,756007
Black,Female,Head and Neck,1997,0.0,0,780992
Black,Female,Head and Neck,1998,0.5,3,804953
Black,Female,Head and Neck,1999,0.1,1,828822
Black,Female,Head and Neck,2000,0.0,0,853492
Black,Female,Head and Neck,2001,0.0,0,874424
Black,Female,Head and Neck,2002,0.2,2,892771
Black,Female,Head and Neck,2003,0.1,1,910033
Black,Female,Head and Neck,2004,0.1,1,927513
Black,Female,Head and Neck,2005,0.1,1,951740
Black,Female,Head and Neck,2006,0.2,2,984951
Black,Female,Head and Neck,2007,0.0,0,1013157
Black,Female,Head and Neck,2008,0.0,0,1038452
Black,Female,Head and Neck,2009,0.0,0,1065173
Black,Female,Head and Neck,2010,0.2,3,1086194
Black,Female,Head and Neck,2011,0.2,2,1109407
Black,Female,Head and Neck,2012,0.3,2,1133184
Black,Female,Head and Neck,2013,0.0,0,1154721
Black,Female,Head and Neck,2014,0.1,1,1178378
Black,Female,Head and Neck,2015,0.1,1,1205039
Black,Female,Head and Neck,2016,0.0,0,1230330
Black,Female,Head and Neck,2017,0.2,2,1254025
Black,Female,Head and Neck,2018,0.3,3,1274110
Black,Female,Head and Neck,2019,0.1,1,1295336
Black,Female,Head and Neck,2020,0.1,1,1312234
Black,Female,Head and Neck,2021,0.1,2,1325448
Black,Female,Head and Neck,2022,0.0,0,1350424
Black,Female,Trunk,1975-2022,0.1,50,40393948
Black,Female,Trunk,1975,0.7,1,402617
Black,Female,Trunk,1976,0.0,0,416958
Black,Female,Trunk,1977,0.0,0,432086
Black,Female,Trunk,1978,0.0,0,447554
Black,Female,Trunk,1979,0.0,0,464812
Black,Female,Trunk,1980,0.3,1,485575
Black,Female,Trunk,1981,0.0,0,502122
Black,Female,Trunk,1982,0.0,0,515917
Black,Female,Trunk,1983,0.0,0,530965
Black,Female,Trunk,1984,0.2,1,546327
Black,Female,Trunk,1985,0.0,0,562981
Black,Female,Trunk,1986,0.3,1,578799
Black,Female,Trunk,1987,0.0,0,593910
Black,Female,Trunk,1988,0.5,3,608721
Black,Female,Trunk,1989,0.2,1,620889
Black,Female,Trunk,1990,0.0,0,633870
Black,Female,Trunk,1991,0.0,0,652016
Black,Female,Trunk,1992,0.3,2,671037
Black,Female,Trunk,1993,0.0,0,690524
Black,Female,Trunk,1994,0.1,1,711719
Black,Female,Trunk,1995,0.2,1,733239
Black,Female,Trunk,1996,0.0,0,756007
Black,Female,Trunk,1997,0.1,1,780992
Black,Female,Trunk,1998,0.1,1,804953
Black,Female,Trunk,1999,0.2,2,828822
Black,Female,Trunk,2000,0.0,0,853492
Black,Female,Trunk,2001,0.0,0,874424
Black,Female,Trunk,2002,0.1,1,892771
Black,Female,Trunk,2003,0.2,2,910033
Black,Female,Trunk,2004,0.1,1,927513
Black,Female,Trunk,2005,0.2,2,951740
Black,Female,Trunk,2006,0.0,0,984951
Black,Female,Trunk,2007,0.4,2,1013157
Black,Female,Trunk,2008,0.0,0,1038452
Black,Female,Trunk,2009,0.2,2,1065173
Black,Female,Trunk,2010,0.4,4,1086194
Black,Female,Trunk,2011,0.3,3,1109407
Black,Female,Trunk,2012,0.0,0,1133184
Black,Female,Trunk,2013,0.0,0,1154721
Black,Female,Trunk,2014,0.0,0,1178378
Black,Female,Trunk,2015,0.1,1,1205039
Black,Female,Trunk,2016,0.2,2,1230330
Black,Female,Trunk,2017,0.2,2,1254025
Black,Female,Trunk,2018,0.4,4,1274110
Black,Female,Trunk,2019,0.2,2,1295336
Black,Female,Trunk,2020,0.2,3,1312234
Black,Female,Trunk,2021,0.1,1,1325448
Black,Female,Trunk,2022,0.1,2,1350424
Black,Female,Arm (shoulder to finger),1975-2022,0.2,53,40393948
Black,Female,Arm (shoulder to finger),1975,0.3,1,402617
Black,Female,Arm (shoulder to finger),1976,0.0,0,416958
Black,Female,Arm (shoulder to finger),1977,0.4,1,432086
Black,Female,Arm (shoulder to finger),1978,0.0,0,447554
Black,Female,Arm (shoulder to finger),1979,0.2,1,464812
Black,Female,Arm (shoulder to finger),1980,0.3,1,485575
Black,Female,Arm (shoulder to finger),1981,0.0,0,502122
Black,Female,Arm (shoulder to finger),1982,0.0,0,515917
Black,Female,Arm (shoulder to finger),1983,0.2,1,530965
Black,Female,Arm (shoulder to finger),1984,0.0,0,546327
Black,Female,Arm (shoulder to finger),1985,0.6,2,562981
Black,Female,Arm (shoulder to finger),1986,0.0,0,578799
Black,Female,Arm (shoulder to finger),1987,0.0,0,593910
Black,Female,Arm (shoulder to finger),1988,0.0,0,608721
Black,Female,Arm (shoulder to finger),1989,0.0,0,620889
Black,Female,Arm (shoulder to finger),1990,0.4,2,633870
Black,Female,Arm (shoulder to finger),1991,0.2,1,652016
Black,Female,Arm (shoulder to finger),1992,0.2,1,671037
Black,Female,Arm (shoulder to finger),1993,0.0,0,690524
Black,Female,Arm (shoulder to finger),1994,0.2,1,711719
Black,Female,Arm (shoulder to finger),1995,0.1,1,733239
Black,Female,Arm (shoulder to finger),1996,0.0,0,756007
Black,Female,Arm (shoulder to finger),1997,0.3,3,780992
Black,Female,Arm (shoulder to finger),1998,0.0,0,804953
Black,Female,Arm (shoulder to finger),1999,0.0,0,828822
Black,Female,Arm (shoulder to finger),2000,0.0,0,853492
Black,Female,Arm (shoulder to finger),2001,0.1,1,874424
Black,Female,Arm (shoulder to finger),2002,0.2,1,892771
Black,Female,Arm (shoulder to finger),2003,0.0,0,910033
Black,Female,Arm (shoulder to finger),2004,0.0,0,927513
Black,Female,Arm (shoulder to finger),2005,0.6,4,951740
Black,Female,Arm (shoulder to finger),2006,0.1,1,984951
Black,Female,Arm (shoulder to finger),2007,0.3,2,1013157
Black,Female,Arm (shoulder to finger),2008,0.2,2,1038452
Black,Female,Arm (shoulder to finger),2009,0.1,1,1065173
Black,Female,Arm (shoulder to finger),2010,0.0,0,1086194
Black,Female,Arm (shoulder to finger),2011,0.4,4,1109407
Black,Female,Arm (shoulder to finger),2012,0.1,1,1133184
Black,Female,Arm (shoulder to finger),2013,0.2,2,1154721
Black,Female,Arm (shoulder to finger),2014,0.3,4,1178378
Black,Female,Arm (shoulder to finger),2015,0.3,4,1205039
Black,Female,Arm (shoulder to finger),2016,0.1,1,1230330
Black,Female,Arm (shoulder to finger),2017,0.2,2,1254025
Black,Female,Arm (shoulder to finger),2018,0.2,2,1274110
Black,Female,Arm (shoulder to finger),2019,0.1,1,1295336
Black,Female,Arm (shoulder to finger),2020,0.1,1,1312234
Black,Female,Arm (shoulder to finger),2021,0.1,1,1325448
Black,Female,Arm (shoulder to finger),2022,0.2,2,1350424
Black,Female,Leg (hip to toe),1975-2022,0.7,208,40393948
Black,Female,Leg (hip to toe),1975,0.6,2,402617
Black,Female,Leg (hip to toe),1976,0.6,2,416958
Black,Female,Leg (hip to toe),1977,0.8,3,432086
Black,Female,Leg (hip to toe),1978,0.9,2,447554
Black,Female,Leg (hip to toe),1979,0.9,2,464812
Black,Female,Leg (hip to toe),1980,1.0,3,485575
Black,Female,Leg (hip to toe),1981,0.5,2,502122
Black,Female,Leg (hip to toe),1982,1.0,3,515917
Black,Female,Leg (hip to toe),1983,0.8,3,530965
Black,Female,Leg (hip to toe),1984,0.6,2,546327
Black,Female,Leg (hip to toe),1985,1.7,6,562981
Black,Female,Leg (hip to toe),1986,0.2,1,578799
Black,Female,Leg (hip to toe),1987,1.3,6,593910
Black,Female,Leg (hip to toe),1988,0.9,4,608721
Black,Female,Leg (hip to toe),1989,0.7,4,620889
Black,Female,Leg (hip to toe),1990,1.1,5,633870
Black,Female,Leg (hip to toe),1991,1.1,4,652016
Black,Female,Leg (hip to toe),1992,0.1,1,671037
Black,Female,Leg (hip to toe),1993,1.1,5,690524
Black,Female,Leg (hip to toe),1994,0.6,3,711719
Black,Female,Leg (hip to toe),1995,0.2,2,733239
Black,Female,Leg (hip to toe),1996,0.9,5,756007
Black,Female,Leg (hip to toe),1997,0.5,3,780992
Black,Female,Leg (hip to toe),1998,0.5,3,804953
Black,Female,Leg (hip to toe),1999,1.3,8,828822
Black,Female,Leg (hip to toe),2000,0.5,3,853492
Black,Female,Leg (hip to toe),2001,0.3,2,874424
Black,Female,Leg (hip to toe),2002,0.5,3,892771
Black,Female,Leg (hip to toe),2003,0.2,1,910033
Black,Female,Leg (hip to toe),2004,1.0,8,927513
Black,Female,Leg (hip to toe),2005,0.6,5,951740
Black,Female,Leg (hip to toe),2006,0.9,7,984951
Black,Female,Leg (hip to toe),2007,1.4,10,1013157
Black,Female,Leg (hip to toe),2008,0.5,3,1038452
Black,Female,Leg (hip to toe),2009,0.8,6,1065173
Black,Female,Leg (hip to toe),2010,0.6,6,1086194
Black,Female,Leg (hip to toe),2011,0.5,4,1109407
Black,Female,Leg (hip to toe),2012,0.9,7,1133184
Black,Female,Leg (hip to toe),2013,0.4,4,1154721
Black,Female,Leg (hip to toe),2014,1.0,8,1178378
Black,Female,Leg (hip to toe),2015,0.5,6,1205039
Black,Female,Leg (hip to toe),2016,0.4,4,1230330
Black,Female,Leg (hip to toe),2017,0.2,2,1254025
Black,Female,Leg (hip to toe),2018,0.6,6,1274110
Black,Female,Leg (hip to toe),2019,0.3,3,1295336
Black,Female,Leg (hip to toe),2020,0.5,6,1312234
Black,Female,Leg (hip to toe),2021,0.6,8,1325448
Black,Female,Leg (hip to toe),2022,0.9,12,1350424
"Other (American Indian/AK Native, Asian/Pacific Islander)",Male and female,All sites,1975-2022,2.2,2138,105378874
"Other (American Indian/AK Native, Asian/Pacific Islander)",Male and female,All sites,1975,1.2,7,802663
"Other (American Indian/AK Native, Asian/Pacific Islander)",Male and female,All sites,1976,0.9,6,845473
"Other (American Indian/AK Native, Asian/Pacific Islander)",Male and female,All sites,1977,1.0,7,884731
"Other (American Indian/AK Native, Asian/Pacific Islander)",Male and female,All sites,1978,1.8,12,926651
"Other (American Indian/AK Native, Asian/Pacific Islander)",Male and female,All sites,1979,1.5,13,973508
"Other (American Indian/AK Native, Asian/Pacific Islander)",Male and female,All sites,1980,1.6,12,1021972
"Other (American Indian/AK Native, Asian/Pacific Islander)",Male and female,All sites,1981,1.4,12,1070882
"Other (American Indian/AK Native, Asian/Pacific Islander)",Male and female,All sites,1982,1.4,14,1119748
"Other (American Indian/AK Native, Asian/Pacific Islander)",Male and female,All sites,1983,1.9,17,1168317
"Other (American Indian/AK Native, Asian/Pacific Islander)",Male and female,All sites,1984,1.0,10,1218296
"Other (American Indian/AK Native, Asian/Pacific Islander)",Male and female,All sites,1985,2.3,21,1268272
"Other (American Indian/AK Native, Asian/Pacific Islander)",Male and female,All sites,1986,1.6,18,1319470
"Other (American Indian/AK Native, Asian/Pacific Islander)",Male and female,All sites,1987,1.7,18,1372847
"Other (American Indian/AK Native, Asian/Pacific Islander)",Male and female,All sites,1988,0.6,8,1425041
"Other (American Indian/AK Native, Asian/Pacific Islander)",Male and female,All sites,1989,1.5,20,1476562
"Other (American Indian/AK Native, Asian/Pacific Islander)",Male and female,All sites,1990,1.8,22,1529296
"Other (American Indian/AK Native, Asian/Pacific Islander)",Male and female,All sites,1991,1.1,14,1582844
"Other (American Indian/AK Native, Asian/Pacific Islander)",Male and female,All sites,1992,2.0,28,1648427
"Other (American Indian/AK Native, Asian/Pacific Islander)",Male and female,All sites,1993,2.2,30,1718046
"Other (American Indian/AK Native, Asian/Pacific Islander)",Male and female,All sites,1994,1.9,28,1787644
"Other (American Indian/AK Native, Asian/Pacific Islander)",Male and female,All sites,1995,1.9,30,1857763
"Other (American Indian/AK Native, Asian/Pacific Islander)",Male and female,All sites,1996,1.6,26,1928684
"Other (American Indian/AK Native, Asian/Pacific Islander)",Male and female,All sites,1997,2.5,42,2002527
"Other (American Indian/AK Native, Asian/Pacific Islander)",Male and female,All sites,1998,2.0,34,2070284
"Other (American Indian/AK Native, Asian/Pacific Islander)",Male and female,All sites,1999,2.0,38,2129043
"Other (American Indian/AK Native, Asian/Pacific Islander)",Male and female,All sites,2000,3.3,62,2205459
"Other (American Indian/AK Native, Asian/Pacific Islander)",Male and female,All sites,2001,2.0,43,2283703
"Other (American Indian/AK Native, Asian/Pacific Islander)",Male and female,All sites,2002,2.4,50,2352259
"Other (American Indian/AK Native, Asian/Pacific Islander)",Male and female,All sites,2003,2.2,48,2417054
"Other (American Indian/AK Native, Asian/Pacific Islander)",Male and female,All sites,2004,2.5,57,2485950
"Other (American Indian/AK Native, Asian/Pacific Islander)",Male and female,All sites,2005,1.8,41,2559306
"Other (American Indian/AK Native, Asian/Pacific Islander)",Male and female,All sites,2006,2.5,59,2637952
"Other (American Indian/AK Native, Asian/Pacific Islander)",Male and female,All sites,2007,2.6,63,2709528
"Other (American Indian/AK Native, Asian/Pacific Islander)",Male and female,All sites,2008,2.3,61,2790474
"Other (American Indian/AK Native, Asian/Pacific Islander)",Male and female,All sites,2009,2.5,66,2867650
"Other (American Indian/AK Native, Asian/Pacific Islander)",Male and female,All sites,2010,2.3,64,2942734
"Other (American Indian/AK Native, Asian/Pacific Islander)",Male and female,All sites,2011,2.5,71,3026463
"Other (American Indian/AK Native, Asian/Pacific Islander)",Male and female,All sites,2012,2.3,67,3113889
"Other (American Indian/AK Native, Asian/Pacific Islander)",Male and female,All sites,2013,2.8,83,3200751
"Other (American Indian/AK Native, Asian/Pacific Islander)",Male and female,All sites,2014,2.7,91,3294768
"Other (American Indian/AK Native, Asian/Pacific Islander)",Male and female,All sites,2015,3.4,115,3390341
"Other (American Indian/AK Native, Asian/Pacific Islander)",Male and female,All sites,2016,2.7,90,3490349
"Other (American Indian/AK Native, Asian/Pacific Islander)",Male and female,All sites,2017,2.1,73,3578255
"Other (American Indian/AK Native, Asian/Pacific Islander)",Male and female,All sites,2018,2.1,80,3657048
"Other (American Indian/AK Native, Asian/Pacific Islander)",Male and female,All sites,2019,2.5,92,3727891
"Other (American Indian/AK Native, Asian/Pacific Islander)",Male and female,All sites,2020,2.2,87,3786953
"Other (American Indian/AK Native, Asian/Pacific Islander)",Male and female,All sites,2021,2.6,101,3819679
"Other (American Indian/AK Native, Asian/Pacific Islander)",Male and female,All sites,2022,2.1,87,3891427
"Other (American Indian/AK Native, Asian/Pacific Islander)",Male and female,Head and Neck,1975-2022,0.4,360,105378874
"Other (American Indian/AK Native, Asian/Pacific Islander)",Male and female,Head and Neck,1975,0.1,1,802663
"Other (American Indian/AK Native, Asian/Pacific Islander)",Male and female,Head and Neck,1976,0.3,2,845473
"Other (American Indian/AK Native, Asian/Pacific Islander)",Male and female,Head and Neck,1977,0.1,1,884731
"Other (American Indian/AK Native, Asian/Pacific Islander)",Male and female,Head and Neck,1978,0.0,0,926651
"Other (American Indian/AK Native, Asian/Pacific Islander)",Male and female,Head and Neck,1979,0.3,2,973508
"Other (American Indian/AK Native, Asian/Pacific Islander)",Male and female,Head and Neck,1980,0.6,3,1021972
"Other (American Indian/AK Native, Asian/Pacific Islander)",Male and female,Head and Neck,1981,0.1,1,1070882
"Other (American Indian/AK Native, Asian/Pacific Islander)",Male and female,Head and Neck,1982,0.0,0,1119748
"Other (American Indian/AK Native, Asian/Pacific Islander)",Male and female,Head and Neck,1983,0.1,2,1168317
"Other (American Indian/AK Native, Asian/Pacific Islander)",Male and female,Head and Neck,1984,0.1,1,1218296
"Other (American Indian/AK Native, Asian/Pacific Islander)",Male and female,Head and Neck,1985,0.2,2,1268272
"Other (American Indian/AK Native, Asian/Pacific Islander)",Male and female,Head and Neck,1986,0.1,2,1319470
"Other (American Indian/AK Native, Asian/Pacific Islander)",Male and female,Head and Neck,1987,0.1,1,1372847
"Other (American Indian/AK Native, Asian/Pacific Islander)",Male and female,Head and Neck,1988,0.1,1,1425041
"Other (American Indian/AK Native, Asian/Pacific Islander)",Male and female,Head and Neck,1989,0.3,3,1476562
"Other (American Indian/AK Native, Asian/Pacific Islander)",Male and female,Head and Neck,1990,0.4,5,1529296
"Other (American Indian/AK Native, Asian/Pacific Islander)",Male and female,Head and Neck,1991,0.1,1,1582844
"Other (American Indian/AK Native, Asian/Pacific Islander)",Male and female,Head and Neck,1992,0.3,3,1648427
"Other (American Indian/AK Native, Asian/Pacific Islander)",Male and female,Head and Neck,1993,0.6,8,1718046
"Other (American Indian/AK Native, Asian/Pacific Islander)",Male and female,Head and Neck,1994,0.5,6,1787644
"Other (American Indian/AK Native, Asian/Pacific Islander)",Male and female,Head and Neck,1995,0.4,5,1857763
"Other (American Indian/AK Native, Asian/Pacific Islander)",Male and female,Head and Neck,1996,0.2,2,1928684
"Other (American Indian/AK Native, Asian/Pacific Islander)",Male and female,Head and Neck,1997,0.6,7,2002527
"Other (American Indian/AK Native, Asian/Pacific Islander)",Male and female,Head and Neck,1998,0.3,4,2070284
"Other (American Indian/AK Native, Asian/Pacific Islander)",Male and female,Head and Neck,1999,0.3,5,2129043
"Other (American Indian/AK Native, Asian/Pacific Islander)",Male and female,Head and Neck,2000,0.4,7,2205459
"Other (American Indian/AK Native, Asian/Pacific Islander)",Male and female,Head and Neck,2001,0.4,7,2283703
"Other (American Indian/AK Native, Asian/Pacific Islander)",Male and female,Head and Neck,2002,0.5,10,2352259
"Other (American Indian/AK Native, Asian/Pacific Islander)",Male and female,Head and Neck,2003,0.6,12,2417054
"Other (American Indian/AK Native, Asian/Pacific Islander)",Male and female,Head and Neck,2004,0.3,7,2485950
"Other (American Indian/AK Native, Asian/Pacific Islander)",Male and female,Head and Neck,2005,0.1,1,2559306
"Other (American Indian/AK Native, Asian/Pacific Islander)",Male and female,Head and Neck,2006,0.7,18,2637952
"Other (American Indian/AK Native, Asian/Pacific Islander)",Male and female,Head and Neck,2007,0.3,7,2709528
"Other (American Indian/AK Native, Asian/Pacific Islander)",Male and female,Head and Neck,2008,0.5,12,2790474
"Other (American Indian/AK Native, Asian/Pacific Islander)",Male and female,Head and Neck,2009,0.6,14,2867650
"Other (American Indian/AK Native, Asian/Pacific Islander)",Male and female,Head and Neck,2010,0.5,14,2942734
"Other (American Indian/AK Native, Asian/Pacific Islander)",Male and female,Head and Neck,2011,0.4,10,3026463
"Other (American Indian/AK Native, Asian/Pacific Islander)",Male and female,Head and Neck,2012,0.5,13,3113889
"Other (American Indian/AK Native, Asian/Pacific Islander)",Male and female,Head and Neck,2013,0.5,14,3200751
"Other (American Indian/AK Native, Asian/Pacific Islander)",Male and female,Head and Neck,2014,0.2,8,3294768
"Other (American Indian/AK Native, Asian/Pacific Islander)",Male and female,Head and Neck,2015,0.7,21,3390341
"Other (American Indian/AK Native, Asian/Pacific Islander)",Male and female,Head and Neck,2016,0.7,23,3490349
"Other (American Indian/AK Native, Asian/Pacific Islander)",Male and female,Head and Neck,2017,0.2,9,3578255
"Other (American Indian/AK Native, Asian/Pacific Islander)",Male and female,Head and Neck,2018,0.5,17,3657048
"Other (American Indian/AK Native, Asian/Pacific Islander)",Male and female,Head and Neck,2019,0.3,13,3727891
"Other (American Indian/AK Native, Asian/Pacific Islander)",Male and female,Head and Neck,2020,0.3,13,3786953
"Other (American Indian/AK Native, Asian/Pacific Islander)",Male and female,Head and Neck,2021,0.7,26,3819679
"Other (American Indian/AK Native, Asian/Pacific Islander)",Male and female,Head and Neck,2022,0.4,16,3891427
"Other (American Indian/AK Native, Asian/Pacific Islander)",Male and female,Trunk,1975-2022,0.6,579,105378874
"Other (American Indian/AK Native, Asian/Pacific Islander)",Male and female,Trunk,1975,0.7,4,802663
"Other (American Indian/AK Native, Asian/Pacific Islander)",Male and female,Trunk,1976,0.2,1,845473
"Other (American Indian/AK Native, Asian/Pacific Islander)",Male and female,Trunk,1977,0.4,3,884731
"Other (American Indian/AK Native, Asian/Pacific Islander)",Male and female,Trunk,1978,0.3,3,926651
"Other (American Indian/AK Native, Asian/Pacific Islander)",Male and female,Trunk,1979,0.4,4,973508
"Other (American Indian/AK Native, Asian/Pacific Islander)",Male and female,Trunk,1980,0.3,3,1021972
"Other (American Indian/AK Native, Asian/Pacific Islander)",Male and female,Trunk,1981,0.3,2,1070882
"Other (American Indian/AK Native, Asian/Pacific Islander)",Male and female,Trunk,1982,0.2,3,1119748
"Other (American Indian/AK Native, Asian/Pacific Islander)",Male and female,Trunk,1983,0.5,6,1168317
"Other (American Indian/AK Native, Asian/Pacific Islander)",Male and female,Trunk,1984,0.3,3,1218296
"Other (American Indian/AK Native, Asian/Pacific Islander)",Male and female,Trunk,1985,0.5,4,1268272
"Other (American Indian/AK Native, Asian/Pacific Islander)",Male and female,Trunk,1986,0.3,4,1319470
"Other (American Indian/AK Native, Asian/Pacific Islander)",Male and female,Trunk,1987,0.5,6,1372847
"Other (American Indian/AK Native, Asian/Pacific Islander)",Male and female,Trunk,1988,0.2,3,1425041
"Other (American Indian/AK Native, Asian/Pacific Islander)",Male and female,Trunk,1989,0.2,2,1476562
"Other (American Indian/AK Native, Asian/Pacific Islander)",Male and female,Trunk,1990,0.7,9,1529296
"Other (American Indian/AK Native, Asian/Pacific Islander)",Male and female,Trunk,1991,0.2,3,1582844
"Other (American Indian/AK Native, Asian/Pacific Islander)",Male and female,Trunk,1992,0.5,8,1648427
"Other (American Indian/AK Native, Asian/Pacific Islander)",Male and female,Trunk,1993,0.5,8,1718046
"Other (American Indian/AK Native, Asian/Pacific Islander)",Male and female,Trunk,1994,0.7,10,1787644
"Other (American Indian/AK Native, Asian/Pacific Islander)",Male and female,Trunk,1995,0.5,9,1857763
"Other (American Indian/AK Native, Asian/Pacific Islander)",Male and female,Trunk,1996,0.4,7,1928684
"Other (American Indian/AK Native, Asian/Pacific Islander)",Male and female,Trunk,1997,0.8,17,2002527
"Other (American Indian/AK Native, Asian/Pacific Islander)",Male and female,Trunk,1998,0.5,10,2070284
"Other (American Indian/AK Native, Asian/Pacific Islander)",Male and female,Trunk,1999,0.5,11,2129043
"Other (American Indian/AK Native, Asian/Pacific Islander)",Male and female,Trunk,2000,1.1,22,2205459
"Other (American Indian/AK Native, Asian/Pacific Islander)",Male and female,Trunk,2001,0.6,12,2283703
"Other (American Indian/AK Native, Asian/Pacific Islander)",Male and female,Trunk,2002,0.8,17,2352259
"Other (American Indian/AK Native, Asian/Pacific Islander)",Male and female,Trunk,2003,0.5,11,2417054
"Other (American Indian/AK Native, Asian/Pacific Islander)",Male and female,Trunk,2004,0.6,15,2485950
"Other (American Indian/AK Native, Asian/Pacific Islander)",Male and female,Trunk,2005,0.5,10,2559306
"Other (American Indian/AK Native, Asian/Pacific Islander)",Male and female,Trunk,2006,0.5,12,2637952
"Other (American Indian/AK Native, Asian/Pacific Islander)",Male and female,Trunk,2007,0.8,20,2709528
"Other (American Indian/AK Native, Asian/Pacific Islander)",Male and female,Trunk,2008,0.6,16,2790474
"Other (American Indian/AK Native, Asian/Pacific Islander)",Male and female,Trunk,2009,0.4,13,2867650
"Other (American Indian/AK Native, Asian/Pacific Islander)",Male and female,Trunk,2010,0.4,13,2942734
"Other (American Indian/AK Native, Asian/Pacific Islander)",Male and female,Trunk,2011,0.5,14,3026463
"Other (American Indian/AK Native, Asian/Pacific Islander)",Male and female,Trunk,2012,0.6,19,3113889
"Other (American Indian/AK Native, Asian/Pacific Islander)",Male and female,Trunk,2013,0.7,21,3200751
"Other (American Indian/AK Native, Asian/Pacific Islander)",Male and female,Trunk,2014,0.9,31,3294768
"Other (American Indian/AK Native, Asian/Pacific Islander)",Male and female,Trunk,2015,1.0,35,3390341
"Other (American Indian/AK Native, Asian/Pacific Islander)",Male and female,Trunk,2016,0.7,21,3490349
"Other (American Indian/AK Native, Asian/Pacific Islander)",Male and female,Trunk,2017,0.6,23,3578255
"Other (American Indian/AK Native, Asian/Pacific Islander)",Male and female,Trunk,2018,0.5,21,3657048
"Other (American Indian/AK Native, Asian/Pacific Islander)",Male and female,Trunk,2019,0.8,29,3727891
"Other (American Indian/AK Native, Asian/Pacific Islander)",Male and female,Trunk,2020,0.4,14,3786953
"Other (American Indian/AK Native, Asian/Pacific Islander)",Male and female,Trunk,2021,0.8,30,3819679
"Other (American Indian/AK Native, Asian/Pacific Islander)",Male and female,Trunk,2022,0.4,17,3891427
"Other (American Indian/AK Native, Asian/Pacific Islander)",Male and female,Arm (shoulder to finger),1975-2022,0.5,449,105378874
"Other (American Indian/AK Native, Asian/Pacific Islander)",Male and female,Arm (shoulder to finger),1975,0.3,2,802663
"Other (American Indian/AK Native, Asian/Pacific Islander)",Male and female,Arm (shoulder to finger),1976,0.0,0,845473
"Other (American Indian/AK Native, Asian/Pacific Islander)",Male and female,Arm (shoulder to finger),1977,0.1,1,884731
"Other (American Indian/AK Native, Asian/Pacific Islander)",Male and female,Arm (shoulder to finger),1978,0.2,2,926651
"Other (American Indian/AK Native, Asian/Pacific Islander)",Male and female,Arm (shoulder to finger),1979,0.6,5,973508
"Other (American Indian/AK Native, Asian/Pacific Islander)",Male and female,Arm (shoulder to finger),1980,0.2,2,1021972
"Other (American Indian/AK Native, Asian/Pacific Islander)",Male and female,Arm (shoulder to finger),1981,0.4,4,1070882
"Other (American Indian/AK Native, Asian/Pacific Islander)",Male and female,Arm (shoulder to finger),1982,0.3,4,1119748
"Other (American Indian/AK Native, Asian/Pacific Islander)",Male and female,Arm (shoulder to finger),1983,0.6,5,1168317
"Other (American Indian/AK Native, Asian/Pacific Islander)",Male and female,Arm (shoulder to finger),1984,0.2,3,1218296
"Other (American Indian/AK Native, Asian/Pacific Islander)",Male and female,Arm (shoulder to finger),1985,0.5,5,1268272
"Other (American Indian/AK Native, Asian/Pacific Islander)",Male and female,Arm (shoulder to finger),1986,0.1,1,1319470
"Other (American Indian/AK Native, Asian/Pacific Islander)",Male and female,Arm (shoulder to finger),1987,0.3,3,1372847
"Other (American Indian/AK Native, Asian/Pacific Islander)",Male and female,Arm (shoulder to finger),1988,0.1,1,1425041
"Other (American Indian/AK Native, Asian/Pacific Islander)",Male and female,Arm (shoulder to finger),1989,0.4,7,1476562
"Other (American Indian/AK Native, Asian/Pacific Islander)",Male and female,Arm (shoulder to finger),1990,0.0,0,1529296
"Other (American Indian/AK Native, Asian/Pacific Islander)",Male and female,Arm (shoulder to finger),1991,0.2,2,1582844
"Other (American Indian/AK Native, Asian/Pacific Islander)",Male and female,Arm (shoulder to finger),1992,0.4,6,1648427
"Other (American Indian/AK Native, Asian/Pacific Islander)",Male and female,Arm (shoulder to finger),1993,0.2,3,1718046
"Other (American Indian/AK Native, Asian/Pacific Islander)",Male and female,Arm (shoulder to finger),1994,0.3,4,1787644
"Other (American Indian/AK Native, Asian/Pacific Islander)",Male and female,Arm (shoulder to finger),1995,0.3,6,1857763
"Other (American Indian/AK Native, Asian/Pacific Islander)",Male and female,Arm (shoulder to finger),1996,0.7,10,1928684
"Other (American Indian/AK Native, Asian/Pacific Islander)",Male and female,Arm (shoulder to finger),1997,0.5,10,2002527
"Other (American Indian/AK Native, Asian/Pacific Islander)",Male and female,Arm (shoulder to finger),1998,0.4,8,2070284
"Other (American Indian/AK Native, Asian/Pacific Islander)",Male and female,Arm (shoulder to finger),1999,0.2,3,2129043
"Other (American Indian/AK Native, Asian/Pacific Islander)",Male and female,Arm (shoulder to finger),2000,0.8,14,2205459
"Other (American Indian/AK Native, Asian/Pacific Islander)",Male and female,Arm (shoulder to finger),2001,0.5,10,2283703
"Other (American Indian/AK Native, Asian/Pacific Islander)",Male and female,Arm (shoulder to finger),2002,0.4,8,2352259
"Other (American Indian/AK Native, Asian/Pacific Islander)",Male and female,Arm (shoulder to finger),2003,0.5,10,2417054
"Other (American Indian/AK Native, Asian/Pacific Islander)",Male and female,Arm (shoulder to finger),2004,0.3,7,2485950
"Other (American Indian/AK Native, Asian/Pacific Islander)",Male and female,Arm (shoulder to finger),2005,0.3,8,2559306
"Other (American Indian/AK Native, Asian/Pacific Islander)",Male and female,Arm (shoulder to finger),2006,0.6,14,2637952
"Other (American Indian/AK Native, Asian/Pacific Islander)",Male and female,Arm (shoulder to finger),2007,0.3,7,2709528
"Other (American Indian/AK Native, Asian/Pacific Islander)",Male and female,Arm (shoulder to finger),2008,0.4,12,2790474
"Other (American Indian/AK Native, Asian/Pacific Islander)",Male and female,Arm (shoulder to finger),2009,0.7,19,2867650
"Other (American Indian/AK Native, Asian/Pacific Islander)",Male and female,Arm (shoulder to finger),2010,0.4,10,2942734
"Other (American Indian/AK Native, Asian/Pacific Islander)",Male and female,Arm (shoulder to finger),2011,0.7,19,3026463
"Other (American Indian/AK Native, Asian/Pacific Islander)",Male and female,Arm (shoulder to finger),2012,0.4,12,3113889
"Other (American Indian/AK Native, Asian/Pacific Islander)",Male and female,Arm (shoulder to finger),2013,0.8,24,3200751
"Other (American Indian/AK Native, Asian/Pacific Islander)",Male and female,Arm (shoulder to finger),2014,0.6,20,3294768
"Other (American Indian/AK Native, Asian/Pacific Islander)",Male and female,Arm (shoulder to finger),2015,0.7,24,3390341
"Other (American Indian/AK Native, Asian/Pacific Islander)",Male and female,Arm (shoulder to finger),2016,0.5,18,3490349
"Other (American Indian/AK Native, Asian/Pacific Islander)",Male and female,Arm (shoulder to finger),2017,0.5,17,3578255
"Other (American Indian/AK Native, Asian/Pacific Islander)",Male and female,Arm (shoulder to finger),2018,0.4,15,3657048
"Other (American Indian/AK Native, Asian/Pacific Islander)",Male and female,Arm (shoulder to finger),2019,0.6,23,3727891
"Other (American Indian/AK Native, Asian/Pacific Islander)",Male and female,Arm (shoulder to finger),2020,0.7,26,3786953
"Other (American Indian/AK Native, Asian/Pacific Islander)",Male and female,Arm (shoulder to finger),2021,0.4,17,3819679
"Other (American Indian/AK Native, Asian/Pacific Islander)",Male and female,Arm (shoulder to finger),2022,0.5,18,3891427
"Other (American Indian/AK Native, Asian/Pacific Islander)",Male and female,Leg (hip to toe),1975-2022,0.8,750,105378874
"Other (American Indian/AK Native, Asian/Pacific Islander)",Male and female,Leg (hip to toe),1975,0.0,0,802663
"Other (American Indian/AK Native, Asian/Pacific Islander)",Male and female,Leg (hip to toe),1976,0.5,3,845473
"Other (American Indian/AK Native, Asian/Pacific Islander)",Male and female,Leg (hip to toe),1977,0.3,2,884731
"Other (American Indian/AK Native, Asian/Pacific Islander)",Male and female,Leg (hip to toe),1978,1.3,7,926651
"Other (American Indian/AK Native, Asian/Pacific Islander)",Male and female,Leg (hip to toe),1979,0.2,2,973508
"Other (American Indian/AK Native, Asian/Pacific Islander)",Male and female,Leg (hip to toe),1980,0.5,4,1021972
"Other (American Indian/AK Native, Asian/Pacific Islander)",Male and female,Leg (hip to toe),1981,0.6,5,1070882
"Other (American Indian/AK Native, Asian/Pacific Islander)",Male and female,Leg (hip to toe),1982,0.9,7,1119748
"Other (American Indian/AK Native, Asian/Pacific Islander)",Male and female,Leg (hip to toe),1983,0.6,4,1168317
"Other (American Indian/AK Native, Asian/Pacific Islander)",Male and female,Leg (hip to toe),1984,0.4,3,1218296
"Other (American Indian/AK Native, Asian/Pacific Islander)",Male and female,Leg (hip to toe),1985,1.2,10,1268272
"Other (American Indian/AK Native, Asian/Pacific Islander)",Male and female,Leg (hip to toe),1986,1.0,11,1319470
"Other (American Indian/AK Native, Asian/Pacific Islander)",Male and female,Leg (hip to toe),1987,0.8,8,1372847
"Other (American Indian/AK Native, Asian/Pacific Islander)",Male and female,Leg (hip to toe),1988,0.3,3,1425041
"Other (American Indian/AK Native, Asian/Pacific Islander)",Male and female,Leg (hip to toe),1989,0.6,8,1476562
"Other (American Indian/AK Native, Asian/Pacific Islander)",Male and female,Leg (hip to toe),1990,0.7,8,1529296
"Other (American Indian/AK Native, Asian/Pacific Islander)",Male and female,Leg (hip to toe),1991,0.6,8,1582844
"Other (American Indian/AK Native, Asian/Pacific Islander)",Male and female,Leg (hip to toe),1992,0.7,11,1648427
"Other (American Indian/AK Native, Asian/Pacific Islander)",Male and female,Leg (hip to toe),1993,0.8,11,1718046
"Other (American Indian/AK Native, Asian/Pacific Islander)",Male and female,Leg (hip to toe),1994,0.5,8,1787644
"Other (American Indian/AK Native, Asian/Pacific Islander)",Male and female,Leg (hip to toe),1995,0.7,10,1857763
"Other (American Indian/AK Native, Asian/Pacific Islander)",Male and female,Leg (hip to toe),1996,0.4,7,1928684
"Other (American Indian/AK Native, Asian/Pacific Islander)",Male and female,Leg (hip to toe),1997,0.5,8,2002527
"Other (American Indian/AK Native, Asian/Pacific Islander)",Male and female,Leg (hip to toe),1998,0.7,12,2070284
"Other (American Indian/AK Native, Asian/Pacific Islander)",Male and female,Leg (hip to toe),1999,1.0,19,2129043
"Other (American Indian/AK Native, Asian/Pacific Islander)",Male and female,Leg (hip to toe),2000,1.0,19,2205459
"Other (American Indian/AK Native, Asian/Pacific Islander)",Male and female,Leg (hip to toe),2001,0.6,14,2283703
"Other (American Indian/AK Native, Asian/Pacific Islander)",Male and female,Leg (hip to toe),2002,0.8,15,2352259
"Other (American Indian/AK Native, Asian/Pacific Islander)",Male and female,Leg (hip to toe),2003,0.7,15,2417054
"Other (American Indian/AK Native, Asian/Pacific Islander)",Male and female,Leg (hip to toe),2004,1.2,28,2485950
"Other (American Indian/AK Native, Asian/Pacific Islander)",Male and female,Leg (hip to toe),2005,0.9,22,2559306
"Other (American Indian/AK Native, Asian/Pacific Islander)",Male and female,Leg (hip to toe),2006,0.6,15,2637952
"Other (American Indian/AK Native, Asian/Pacific Islander)",Male and female,Leg (hip to toe),2007,1.2,29,2709528
"Other (American Indian/AK Native, Asian/Pacific Islander)",Male and female,Leg (hip to toe),2008,0.8,21,2790474
"Other (American Indian/AK Native, Asian/Pacific Islander)",Male and female,Leg (hip to toe),2009,0.7,20,2867650
"Other (American Indian/AK Native, Asian/Pacific Islander)",Male and female,Leg (hip to toe),2010,1.0,27,2942734
"Other (American Indian/AK Native, Asian/Pacific Islander)",Male and female,Leg (hip to toe),2011,1.0,28,3026463
"Other (American Indian/AK Native, Asian/Pacific Islander)",Male and female,Leg (hip to toe),2012,0.8,23,3113889
"Other (American Indian/AK Native, Asian/Pacific Islander)",Male and female,Leg (hip to toe),2013,0.8,24,3200751
"Other (American Indian/AK Native, Asian/Pacific Islander)",Male and female,Leg (hip to toe),2014,1.0,32,3294768
"Other (American Indian/AK Native, Asian/Pacific Islander)",Male and female,Leg (hip to toe),2015,1.1,35,3390341
"Other (American Indian/AK Native, Asian/Pacific Islander)",Male and female,Leg (hip to toe),2016,0.9,28,3490349
"Other (American Indian/AK Native, Asian/Pacific Islander)",Male and female,Leg (hip to toe),2017,0.7,24,3578255
"Other (American Indian/AK Native, Asian/Pacific Islander)",Male and female,Leg (hip to toe),2018,0.7,27,3657048
"Other (American Indian/AK Native, Asian/Pacific Islander)",Male and female,Leg (hip to toe),2019,0.8,27,3727891
"Other (American Indian/AK Native, Asian/Pacific Islander)",Male and female,Leg (hip to toe),2020,0.9,34,3786953
"Other (American Indian/AK Native, Asian/Pacific Islander)",Male and female,Leg (hip to toe),2021,0.7,28,3819679
"Other (American Indian/AK Native, Asian/Pacific Islander)",Male and female,Leg (hip to toe),2022,0.9,36,3891427
"Other (American Indian/AK Native, Asian/Pacific Islander)",Male,All sites,1975-2022,2.5,1080,50440067
"Other (American Indian/AK Native, Asian/Pacific Islander)",Male,All sites,1975,1.5,4,396296
"Other (American Indian/AK Native, Asian/Pacific Islander)",Male,All sites,1976,0.9,3,415412
"Other (American Indian/AK Native, Asian/Pacific Islander)",Male,All sites,1977,1.1,4,432337
"Other (American Indian/AK Native, Asian/Pacific Islander)",Male,All sites,1978,1.7,5,451330
"Other (American Indian/AK Native, Asian/Pacific Islander)",Male,All sites,1979,1.5,6,472422
"Other (American Indian/AK Native, Asian/Pacific Islander)",Male,All sites,1980,2.4,7,494720
"Other (American Indian/AK Native, Asian/Pacific Islander)",Male,All sites,1981,1.3,5,518725
"Other (American Indian/AK Native, Asian/Pacific Islander)",Male,All sites,1982,2.0,8,541536
"Other (American Indian/AK Native, Asian/Pacific Islander)",Male,All sites,1983,1.9,10,564394
"Other (American Indian/AK Native, Asian/Pacific Islander)",Male,All sites,1984,1.4,6,588847
"Other (American Indian/AK Native, Asian/Pacific Islander)",Male,All sites,1985,2.4,9,612647
"Other (American Indian/AK Native, Asian/Pacific Islander)",Male,All sites,1986,1.9,10,637534
"Other (American Indian/AK Native, Asian/Pacific Islander)",Male,All sites,1987,2.2,9,662513
"Other (American Indian/AK Native, Asian/Pacific Islander)",Male,All sites,1988,0.7,4,687105
"Other (American Indian/AK Native, Asian/Pacific Islander)",Male,All sites,1989,1.5,10,711731
"Other (American Indian/AK Native, Asian/Pacific Islander)",Male,All sites,1990,2.1,9,736134
"Other (American Indian/AK Native, Asian/Pacific Islander)",Male,All sites,1991,1.4,8,760627
"Other (American Indian/AK Native, Asian/Pacific Islander)",Male,All sites,1992,1.6,11,791112
"Other (American Indian/AK Native, Asian/Pacific Islander)",Male,All sites,1993,2.9,18,824331
"Other (American Indian/AK Native, Asian/Pacific Islander)",Male,All sites,1994,2.1,14,858174
"Other (American Indian/AK Native, Asian/Pacific Islander)",Male,All sites,1995,2.0,13,891640
"Other (American Indian/AK Native, Asian/Pacific Islander)",Male,All sites,1996,1.8,13,925282
"Other (American Indian/AK Native, Asian/Pacific Islander)",Male,All sites,1997,3.1,24,959112
"Other (American Indian/AK Native, Asian/Pacific Islander)",Male,All sites,1998,1.8,15,989304
"Other (American Indian/AK Native, Asian/Pacific Islander)",Male,All sites,1999,2.4,19,1016489
"Other (American Indian/AK Native, Asian/Pacific Islander)",Male,All sites,2000,4.3,36,1053121
"Other (American Indian/AK Native, Asian/Pacific Islander)",Male,All sites,2001,2.3,21,1090755
"Other (American Indian/AK Native, Asian/Pacific Islander)",Male,All sites,2002,2.7,25,1122509
"Other (American Indian/AK Native, Asian/Pacific Islander)",Male,All sites,2003,2.5,24,1151157
"Other (American Indian/AK Native, Asian/Pacific Islander)",Male,All sites,2004,2.5,26,1181475
"Other (American Indian/AK Native, Asian/Pacific Islander)",Male,All sites,2005,1.9,18,1216441
"Other (American Indian/AK Native, Asian/Pacific Islander)",Male,All sites,2006,2.9,30,1253778
"Other (American Indian/AK Native, Asian/Pacific Islander)",Male,All sites,2007,3.1,31,1285859
"Other (American Indian/AK Native, Asian/Pacific Islander)",Male,All sites,2008,3.0,35,1324218
"Other (American Indian/AK Native, Asian/Pacific Islander)",Male,All sites,2009,2.9,32,1359982
"Other (American Indian/AK Native, Asian/Pacific Islander)",Male,All sites,2010,2.4,31,1395600
"Other (American Indian/AK Native, Asian/Pacific Islander)",Male,All sites,2011,2.9,36,1436385
"Other (American Indian/AK Native, Asian/Pacific Islander)",Male,All sites,2012,2.5,33,1479449
"Other (American Indian/AK Native, Asian/Pacific Islander)",Male,All sites,2013,4.0,53,1523451
"Other (American Indian/AK Native, Asian/Pacific Islander)",Male,All sites,2014,3.0,46,1570426
"Other (American Indian/AK Native, Asian/Pacific Islander)",Male,All sites,2015,3.5,52,1618795
"Other (American Indian/AK Native, Asian/Pacific Islander)",Male,All sites,2016,3.1,47,1668124
"Other (American Indian/AK Native, Asian/Pacific Islander)",Male,All sites,2017,2.1,34,1711186
"Other (American Indian/AK Native, Asian/Pacific Islander)",Male,All sites,2018,2.4,41,1751596
"Other (American Indian/AK Native, Asian/Pacific Islander)",Male,All sites,2019,2.6,41,1787870
"Other (American Indian/AK Native, Asian/Pacific Islander)",Male,All sites,2020,2.7,47,1818431
"Other (American Indian/AK Native, Asian/Pacific Islander)",Male,All sites,2021,3.2,54,1832721
"Other (American Indian/AK Native, Asian/Pacific Islander)",Male,All sites,2022,2.4,43,1866984
"Other (American Indian/AK Native, Asian/Pacific Islander)",Male,Head and Neck,1975-2022,0.5,217,50440067
"Other (American Indian/AK Native, Asian/Pacific Islander)",Male,Head and Neck,1975,0.2,1,396296
"Other (American Indian/AK Native, Asian/Pacific Islander)",Male,Head and Neck,1976,0.5,2,415412
"Other (American Indian/AK Native, Asian/Pacific Islander)",Male,Head and Neck,1977,0.0,0,432337
"Other (American Indian/AK Native, Asian/Pacific Islander)",Male,Head and Neck,1978,0.0,0,451330
"Other (American Indian/AK Native, Asian/Pacific Islander)",Male,Head and Neck,1979,0.5,2,472422
"Other (American Indian/AK Native, Asian/Pacific Islander)",Male,Head and Neck,1980,1.4,3,494720
"Other (American Indian/AK Native, Asian/Pacific Islander)",Male,Head and Neck,1981,0.0,0,518725
"Other (American Indian/AK Native, Asian/Pacific Islander)",Male,Head and Neck,1982,0.0,0,541536
"Other (American Indian/AK Native, Asian/Pacific Islander)",Male,Head and Neck,1983,0.1,1,564394
"Other (American Indian/AK Native, Asian/Pacific Islander)",Male,Head and Neck,1984,0.0,0,588847
"Other (American Indian/AK Native, Asian/Pacific Islander)",Male,Head and Neck,1985,0.0,0,612647
"Other (American Indian/AK Native, Asian/Pacific Islander)",Male,Head and Neck,1986,0.2,1,637534
"Other (American Indian/AK Native, Asian/Pacific Islander)",Male,Head and Neck,1987,0.3,1,662513
"Other (American Indian/AK Native, Asian/Pacific Islander)",Male,Head and Neck,1988,0.0,0,687105
"Other (American Indian/AK Native, Asian/Pacific Islander)",Male,Head and Neck,1989,0.3,2,711731
"Other (American Indian/AK Native, Asian/Pacific Islander)",Male,Head and Neck,1990,0.2,1,736134
"Other (American Indian/AK Native, Asian/Pacific Islander)",Male,Head and Neck,1991,0.1,1,760627
"Other (American Indian/AK Native, Asian/Pacific Islander)",Male,Head and Neck,1992,0.0,0,791112
"Other (American Indian/AK Native, Asian/Pacific Islander)",Male,Head and Neck,1993,1.0,6,824331
"Other (American Indian/AK Native, Asian/Pacific Islander)",Male,Head and Neck,1994,0.5,3,858174
"Other (American Indian/AK Native, Asian/Pacific Islander)",Male,Head and Neck,1995,0.0,0,891640
"Other (American Indian/AK Native, Asian/Pacific Islander)",Male,Head and Neck,1996,0.4,2,925282
"Other (American Indian/AK Native, Asian/Pacific Islander)",Male,Head and Neck,1997,0.8,5,959112
"Other (American Indian/AK Native, Asian/Pacific Islander)",Male,Head and Neck,1998,0.4,3,989304
"Other (American Indian/AK Native, Asian/Pacific Islander)",Male,Head and Neck,1999,0.3,3,1016489
"Other (American Indian/AK Native, Asian/Pacific Islander)",Male,Head and Neck,2000,0.6,5,1053121
"Other (American Indian/AK Native, Asian/Pacific Islander)",Male,Head and Neck,2001,0.5,4,1090755
"Other (American Indian/AK Native, Asian/Pacific Islander)",Male,Head and Neck,2002,0.8,7,1122509
"Other (American Indian/AK Native, Asian/Pacific Islander)",Male,Head and Neck,2003,0.7,6,1151157
"Other (American Indian/AK Native, Asian/Pacific Islander)",Male,Head and Neck,2004,0.6,5,1181475
"Other (American Indian/AK Native, Asian/Pacific Islander)",Male,Head and Neck,2005,0.0,0,1216441
"Other (American Indian/AK Native, Asian/Pacific Islander)",Male,Head and Neck,2006,0.9,10,1253778
"Other (American Indian/AK Native, Asian/Pacific Islander)",Male,Head and Neck,2007,0.4,4,1285859
"Other (American Indian/AK Native, Asian/Pacific Islander)",Male,Head and Neck,2008,0.7,8,1324218
"Other (American Indian/AK Native, Asian/Pacific Islander)",Male,Head and Neck,2009,0.7,7,1359982
"Other (American Indian/AK Native, Asian/Pacific Islander)",Male,Head and Neck,2010,0.7,9,1395600
"Other (American Indian/AK Native, Asian/Pacific Islander)",Male,Head and Neck,2011,0.6,7,1436385
"Other (American Indian/AK Native, Asian/Pacific Islander)",Male,Head and Neck,2012,0.6,8,1479449
"Other (American Indian/AK Native, Asian/Pacific Islander)",Male,Head and Neck,2013,1.0,13,1523451
"Other (American Indian/AK Native, Asian/Pacific Islander)",Male,Head and Neck,2014,0.4,6,1570426
"Other (American Indian/AK Native, Asian/Pacific Islander)",Male,Head and Neck,2015,0.9,12,1618795
"Other (American Indian/AK Native, Asian/Pacific Islander)",Male,Head and Neck,2016,0.9,13,1668124
"Other (American Indian/AK Native, Asian/Pacific Islander)",Male,Head and Neck,2017,0.4,6,1711186
"Other (American Indian/AK Native, Asian/Pacific Islander)",Male,Head and Neck,2018,0.7,11,1751596
"Other (American Indian/AK Native, Asian/Pacific Islander)",Male,Head and Neck,2019,0.4,7,1787870
"Other (American Indian/AK Native, Asian/Pacific Islander)",Male,Head and Neck,2020,0.4,6,1818431
"Other (American Indian/AK Native, Asian/Pacific Islander)",Male,Head and Neck,2021,1.0,17,1832721
"Other (American Indian/AK Native, Asian/Pacific Islander)",Male,Head and Neck,2022,0.5,9,1866984
"Other (American Indian/AK Native, Asian/Pacific Islander)",Male,Trunk,1975-2022,0.8,337,50440067
"Other (American Indian/AK Native, Asian/Pacific Islander)",Male,Trunk,1975,1.2,3,396296
"Other (American Indian/AK Native, Asian/Pacific Islander)",Male,Trunk,1976,0.0,0,415412
"Other (American Indian/AK Native, Asian/Pacific Islander)",Male,Trunk,1977,0.9,3,432337
"Other (American Indian/AK Native, Asian/Pacific Islander)",Male,Trunk,1978,0.0,0,451330
"Other (American Indian/AK Native, Asian/Pacific Islander)",Male,Trunk,1979,0.5,2,472422
"Other (American Indian/AK Native, Asian/Pacific Islander)",Male,Trunk,1980,0.3,1,494720
"Other (American Indian/AK Native, Asian/Pacific Islander)",Male,Trunk,1981,0.3,1,518725
"Other (American Indian/AK Native, Asian/Pacific Islander)",Male,Trunk,1982,0.4,2,541536
"Other (American Indian/AK Native, Asian/Pacific Islander)",Male,Trunk,1983,0.8,5,564394
"Other (American Indian/AK Native, Asian/Pacific Islander)",Male,Trunk,1984,0.6,3,588847
"Other (American Indian/AK Native, Asian/Pacific Islander)",Male,Trunk,1985,0.6,2,612647
"Other (American Indian/AK Native, Asian/Pacific Islander)",Male,Trunk,1986,0.7,4,637534
"Other (American Indian/AK Native, Asian/Pacific Islander)",Male,Trunk,1987,0.4,2,662513
"Other (American Indian/AK Native, Asian/Pacific Islander)",Male,Trunk,1988,0.3,2,687105
"Other (American Indian/AK Native, Asian/Pacific Islander)",Male,Trunk,1989,0.0,0,711731
"Other (American Indian/AK Native, Asian/Pacific Islander)",Male,Trunk,1990,0.8,5,736134
"Other (American Indian/AK Native, Asian/Pacific Islander)",Male,Trunk,1991,0.5,3,760627
"Other (American Indian/AK Native, Asian/Pacific Islander)",Male,Trunk,1992,0.4,3,791112
"Other (American Indian/AK Native, Asian/Pacific Islander)",Male,Trunk,1993,0.9,6,824331
"Other (American Indian/AK Native, Asian/Pacific Islander)",Male,Trunk,1994,1.2,8,858174
"Other (American Indian/AK Native, Asian/Pacific Islander)",Male,Trunk,1995,0.7,5,891640
"Other (American Indian/AK Native, Asian/Pacific Islander)",Male,Trunk,1996,0.3,3,925282
"Other (American Indian/AK Native, Asian/Pacific Islander)",Male,Trunk,1997,1.1,10,959112
"Other (American Indian/AK Native, Asian/Pacific Islander)",Male,Trunk,1998,0.8,7,989304
"Other (American Indian/AK Native, Asian/Pacific Islander)",Male,Trunk,1999,0.7,7,1016489
"Other (American Indian/AK Native, Asian/Pacific Islander)",Male,Trunk,2000,1.7,15,1053121
"Other (American Indian/AK Native, Asian/Pacific Islander)",Male,Trunk,2001,0.8,8,1090755
"Other (American Indian/AK Native, Asian/Pacific Islander)",Male,Trunk,2002,0.8,8,1122509
"Other (American Indian/AK Native, Asian/Pacific Islander)",Male,Trunk,2003,0.8,8,1151157
"Other (American Indian/AK Native, Asian/Pacific Islander)",Male,Trunk,2004,0.7,8,1181475
"Other (American Indian/AK Native, Asian/Pacific Islander)",Male,Trunk,2005,0.7,6,1216441
"Other (American Indian/AK Native, Asian/Pacific Islander)",Male,Trunk,2006,0.7,7,1253778
"Other (American Indian/AK Native, Asian/Pacific Islander)",Male,Trunk,2007,1.2,13,1285859
"Other (American Indian/AK Native, Asian/Pacific Islander)",Male,Trunk,2008,0.7,9,1324218
"Other (American Indian/AK Native, Asian/Pacific Islander)",Male,Trunk,2009,0.2,3,1359982
"Other (American Indian/AK Native, Asian/Pacific Islander)",Male,Trunk,2010,0.7,9,1395600
"Other (American Indian/AK Native, Asian/Pacific Islander)",Male,Trunk,2011,0.6,7,1436385
"Other (American Indian/AK Native, Asian/Pacific Islander)",Male,Trunk,2012,0.6,8,1479449
"Other (American Indian/AK Native, Asian/Pacific Islander)",Male,Trunk,2013,1.0,15,1523451
"Other (American Indian/AK Native, Asian/Pacific Islander)",Male,Trunk,2014,1.1,18,1570426
"Other (American Indian/AK Native, Asian/Pacific Islander)",Male,Trunk,2015,1.2,20,1618795
"Other (American Indian/AK Native, Asian/Pacific Islander)",Male,Trunk,2016,0.9,12,1668124
"Other (American Indian/AK Native, Asian/Pacific Islander)",Male,Trunk,2017,0.8,13,1711186
"Other (American Indian/AK Native, Asian/Pacific Islander)",Male,Trunk,2018,0.7,12,1751596
"Other (American Indian/AK Native, Asian/Pacific Islander)",Male,Trunk,2019,0.8,12,1787870
"Other (American Indian/AK Native, Asian/Pacific Islander)",Male,Trunk,2020,0.7,13,1818431
"Other (American Indian/AK Native, Asian/Pacific Islander)",Male,Trunk,2021,1.1,18,1832721
"Other (American Indian/AK Native, Asian/Pacific Islander)",Male,Trunk,2022,0.4,8,1866984
"Other (American Indian/AK Native, Asian/Pacific Islander)",Male,Arm (shoulder to finger),1975-2022,0.5,217,50440067
"Other (American Indian/AK Native, Asian/Pacific Islander)",Male,Arm (shoulder to finger),1975,0.0,0,396296
"Other (American Indian/AK Native, Asian/Pacific Islander)",Male,Arm (shoulder to finger),1976,0.0,0,415412
"Other (American Indian/AK Native, Asian/Pacific Islander)",Male,Arm (shoulder to finger),1977,0.2,1,432337
"Other (American Indian/AK Native, Asian/Pacific Islander)",Male,Arm (shoulder to finger),1978,0.4,2,451330
"Other (American Indian/AK Native, Asian/Pacific Islander)",Male,Arm (shoulder to finger),1979,0.2,1,472422
"Other (American Indian/AK Native, Asian/Pacific Islander)",Male,Arm (shoulder to finger),1980,0.3,1,494720
"Other (American Indian/AK Native, Asian/Pacific Islander)",Male,Arm (shoulder to finger),1981,0.8,3,518725
"Other (American Indian/AK Native, Asian/Pacific Islander)",Male,Arm (shoulder to finger),1982,0.4,3,541536
"Other (American Indian/AK Native, Asian/Pacific Islander)",Male,Arm (shoulder to finger),1983,0.5,2,564394
"Other (American Indian/AK Native, Asian/Pacific Islander)",Male,Arm (shoulder to finger),1984,0.3,2,588847
"Other (American Indian/AK Native, Asian/Pacific Islander)",Male,Arm (shoulder to finger),1985,0.4,2,612647
"Other (American Indian/AK Native, Asian/Pacific Islander)",Male,Arm (shoulder to finger),1986,0.0,0,637534
"Other (American Indian/AK Native, Asian/Pacific Islander)",Male,Arm (shoulder to finger),1987,0.4,2,662513
"Other (American Indian/AK Native, Asian/Pacific Islander)",Male,Arm (shoulder to finger),1988,0.0,0,687105
"Other (American Indian/AK Native, Asian/Pacific Islander)",Male,Arm (shoulder to finger),1989,0.7,5,711731
"Other (American Indian/AK Native, Asian/Pacific Islander)",Male,Arm (shoulder to finger),1990,0.0,0,736134
"Other (American Indian/AK Native, Asian/Pacific Islander)",Male,Arm (shoulder to finger),1991,0.0,0,760627
"Other (American Indian/AK Native, Asian/Pacific Islander)",Male,Arm (shoulder to finger),1992,0.4,3,791112
"Other (American Indian/AK Native, Asian/Pacific Islander)",Male,Arm (shoulder to finger),1993,0.3,2,824331
"Other (American Indian/AK Native, Asian/Pacific Islander)",Male,Arm (shoulder to finger),1994,0.3,2,858174
"Other (American Indian/AK Native, Asian/Pacific Islander)",Male,Arm (shoulder to finger),1995,0.3,2,891640
"Other (American Indian/AK Native, Asian/Pacific Islander)",Male,Arm (shoulder to finger),1996,0.7,5,925282
"Other (American Indian/AK Native, Asian/Pacific Islander)",Male,Arm (shoulder to finger),1997,0.7,6,959112
"Other (American Indian/AK Native, Asian/Pacific Islander)",Male,Arm (shoulder to finger),1998,0.3,3,989304
"Other (American Indian/AK Native, Asian/Pacific Islander)",Male,Arm (shoulder to finger),1999,0.2,2,1016489
"Other (American Indian/AK Native, Asian/Pacific Islander)",Male,Arm (shoulder to finger),2000,0.8,6,1053121
"Other (American Indian/AK Native, Asian/Pacific Islander)",Male,Arm (shoulder to finger),2001,0.4,4,1090755
"Other (American Indian/AK Native, Asian/Pacific Islander)",Male,Arm (shoulder to finger),2002,0.6,5,1122509
"Other (American Indian/AK Native, Asian/Pacific Islander)",Male,Arm (shoulder to finger),2003,0.5,5,1151157
"Other (American Indian/AK Native, Asian/Pacific Islander)",Male,Arm (shoulder to finger),2004,0.3,3,1181475
"Other (American Indian/AK Native, Asian/Pacific Islander)",Male,Arm (shoulder to finger),2005,0.3,3,1216441
"Other (American Indian/AK Native, Asian/Pacific Islander)",Male,Arm (shoulder to finger),2006,0.7,7,1253778
"Other (American Indian/AK Native, Asian/Pacific Islander)",Male,Arm (shoulder to finger),2007,0.3,3,1285859
"Other (American Indian/AK Native, Asian/Pacific Islander)",Male,Arm (shoulder to finger),2008,0.5,6,1324218
"Other (American Indian/AK Native, Asian/Pacific Islander)",Male,Arm (shoulder to finger),2009,1.0,12,1359982
"Other (American Indian/AK Native, Asian/Pacific Islander)",Male,Arm (shoulder to finger),2010,0.3,4,1395600
"Other (American Indian/AK Native, Asian/Pacific Islander)",Male,Arm (shoulder to finger),2011,0.9,11,1436385
"Other (American Indian/AK Native, Asian/Pacific Islander)",Male,Arm (shoulder to finger),2012,0.5,6,1479449
"Other (American Indian/AK Native, Asian/Pacific Islander)",Male,Arm (shoulder to finger),2013,1.0,13,1523451
"Other (American Indian/AK Native, Asian/Pacific Islander)",Male,Arm (shoulder to finger),2014,0.6,9,1570426
"Other (American Indian/AK Native, Asian/Pacific Islander)",Male,Arm (shoulder to finger),2015,0.7,9,1618795
"Other (American Indian/AK Native, Asian/Pacific Islander)",Male,Arm (shoulder to finger),2016,0.7,11,1668124
"Other (American Indian/AK Native, Asian/Pacific Islander)",Male,Arm (shoulder to finger),2017,0.3,5,1711186
"Other (American Indian/AK Native, Asian/Pacific Islander)",Male,Arm (shoulder to finger),2018,0.3,5,1751596
"Other (American Indian/AK Native, Asian/Pacific Islander)",Male,Arm (shoulder to finger),2019,0.8,12,1787870
"Other (American Indian/AK Native, Asian/Pacific Islander)",Male,Arm (shoulder to finger),2020,0.9,15,1818431
"Other (American Indian/AK Native, Asian/Pacific Islander)",Male,Arm (shoulder to finger),2021,0.4,7,1832721
"Other (American Indian/AK Native, Asian/Pacific Islander)",Male,Arm (shoulder to finger),2022,0.5,7,1866984
"Other (American Indian/AK Native, Asian/Pacific Islander)",Male,Leg (hip to toe),1975-2022,0.7,309,50440067
"Other (American Indian/AK Native, Asian/Pacific Islander)",Male,Leg (hip to toe),1975,0.0,0,396296
"Other (American Indian/AK Native, Asian/Pacific Islander)",Male,Leg (hip to toe),1976,0.4,1,415412
"Other (American Indian/AK Native, Asian/Pacific Islander)",Male,Leg (hip to toe),1977,0.0,0,432337
"Other (American Indian/AK Native, Asian/Pacific Islander)",Male,Leg (hip to toe),1978,1.4,3,451330
"Other (American Indian/AK Native, Asian/Pacific Islander)",Male,Leg (hip to toe),1979,0.2,1,472422
"Other (American Indian/AK Native, Asian/Pacific Islander)",Male,Leg (hip to toe),1980,0.5,2,494720
"Other (American Indian/AK Native, Asian/Pacific Islander)",Male,Leg (hip to toe),1981,0.2,1,518725
"Other (American Indian/AK Native, Asian/Pacific Islander)",Male,Leg (hip to toe),1982,1.1,3,541536
"Other (American Indian/AK Native, Asian/Pacific Islander)",Male,Leg (hip to toe),1983,0.6,2,564394
"Other (American Indian/AK Native, Asian/Pacific Islander)",Male,Leg (hip to toe),1984,0.4,1,588847
"Other (American Indian/AK Native, Asian/Pacific Islander)",Male,Leg (hip to toe),1985,1.3,5,612647
"Other (American Indian/AK Native, Asian/Pacific Islander)",Male,Leg (hip to toe),1986,1.0,5,637534
"Other (American Indian/AK Native, Asian/Pacific Islander)",Male,Leg (hip to toe),1987,1.1,4,662513
"Other (American Indian/AK Native, Asian/Pacific Islander)",Male,Leg (hip to toe),1988,0.4,2,687105
"Other (American Indian/AK Native, Asian/Pacific Islander)",Male,Leg (hip to toe),1989,0.5,3,711731
"Other (American Indian/AK Native, Asian/Pacific Islander)",Male,Leg (hip to toe),1990,1.1,3,736134
"Other (American Indian/AK Native, Asian/Pacific Islander)",Male,Leg (hip to toe),1991,0.7,4,760627
"Other (American Indian/AK Native, Asian/Pacific Islander)",Male,Leg (hip to toe),1992,0.7,5,791112
"Other (American Indian/AK Native, Asian/Pacific Islander)",Male,Leg (hip to toe),1993,0.7,4,824331
"Other (American Indian/AK Native, Asian/Pacific Islander)",Male,Leg (hip to toe),1994,0.1,1,858174
"Other (American Indian/AK Native, Asian/Pacific Islander)",Male,Leg (hip to toe),1995,1.0,6,891640
"Other (American Indian/AK Native, Asian/Pacific Islander)",Male,Leg (hip to toe),1996,0.4,3,925282
"Other (American Indian/AK Native, Asian/Pacific Islander)",Male,Leg (hip to toe),1997,0.4,3,959112
"Other (American Indian/AK Native, Asian/Pacific Islander)",Male,Leg (hip to toe),1998,0.3,2,989304
"Other (American Indian/AK Native, Asian/Pacific Islander)",Male,Leg (hip to toe),1999,1.1,7,1016489
"Other (American Indian/AK Native, Asian/Pacific Islander)",Male,Leg (hip to toe),2000,1.1,10,1053121
"Other (American Indian/AK Native, Asian/Pacific Islander)",Male,Leg (hip to toe),2001,0.5,5,1090755
"Other (American Indian/AK Native, Asian/Pacific Islander)",Male,Leg (hip to toe),2002,0.5,5,1122509
"Other (American Indian/AK Native, Asian/Pacific Islander)",Male,Leg (hip to toe),2003,0.5,5,1151157
"Other (American Indian/AK Native, Asian/Pacific Islander)",Male,Leg (hip to toe),2004,0.9,10,1181475
"Other (American Indian/AK Native, Asian/Pacific Islander)",Male,Leg (hip to toe),2005,0.9,9,1216441
"Other (American Indian/AK Native, Asian/Pacific Islander)",Male,Leg (hip to toe),2006,0.7,6,1253778
"Other (American Indian/AK Native, Asian/Pacific Islander)",Male,Leg (hip to toe),2007,1.2,11,1285859
"Other (American Indian/AK Native, Asian/Pacific Islander)",Male,Leg (hip to toe),2008,1.1,12,1324218
"Other (American Indian/AK Native, Asian/Pacific Islander)",Male,Leg (hip to toe),2009,0.9,10,1359982
"Other (American Indian/AK Native, Asian/Pacific Islander)",Male,Leg (hip to toe),2010,0.7,9,1395600
"Other (American Indian/AK Native, Asian/Pacific Islander)",Male,Leg (hip to toe),2011,0.8,11,1436385
"Other (American Indian/AK Native, Asian/Pacific Islander)",Male,Leg (hip to toe),2012,0.8,11,1479449
"Other (American Indian/AK Native, Asian/Pacific Islander)",Male,Leg (hip to toe),2013,0.9,12,1523451
"Other (American Indian/AK Native, Asian/Pacific Islander)",Male,Leg (hip to toe),2014,0.9,13,1570426
"Other (American Indian/AK Native, Asian/Pacific Islander)",Male,Leg (hip to toe),2015,0.8,11,1618795
"Other (American Indian/AK Native, Asian/Pacific Islander)",Male,Leg (hip to toe),2016,0.7,11,1668124
"Other (American Indian/AK Native, Asian/Pacific Islander)",Male,Leg (hip to toe),2017,0.6,10,1711186
"Other (American Indian/AK Native, Asian/Pacific Islander)",Male,Leg (hip to toe),2018,0.7,13,1751596
"Other (American Indian/AK Native, Asian/Pacific Islander)",Male,Leg (hip to toe),2019,0.7,10,1787870
"Other (American Indian/AK Native, Asian/Pacific Islander)",Male,Leg (hip to toe),2020,0.7,13,1818431
"Other (American Indian/AK Native, Asian/Pacific Islander)",Male,Leg (hip to toe),2021,0.7,12,1832721
"Other (American Indian/AK Native, Asian/Pacific Islander)",Male,Leg (hip to toe),2022,1.0,19,1866984
"Other (American Indian/AK Native, Asian/Pacific Islander)",Female,All sites,1975-2022,2.0,1058,54938807
"Other (American Indian/AK Native, Asian/Pacific Islander)",Female,All sites,1975,0.9,3,406367
"Other (American Indian/AK Native, Asian/Pacific Islander)",Female,All sites,1976,0.9,3,430061
"Other (American Indian/AK Native, Asian/Pacific Islander)",Female,All sites,1977,0.9,3,452394
"Other (American Indian/AK Native, Asian/Pacific Islander)",Female,All sites,1978,1.9,7,475321
"Other (American Indian/AK Native, Asian/Pacific Islander)",Female,All sites,1979,1.4,7,501086
"Other (American Indian/AK Native, Asian/Pacific Islander)",Female,All sites,1980,0.9,5,527252
"Other (American Indian/AK Native, Asian/Pacific Islander)",Female,All sites,1981,1.4,7,552157
"Other (American Indian/AK Native, Asian/Pacific Islander)",Female,All sites,1982,0.9,6,578212
"Other (American Indian/AK Native, Asian/Pacific Islander)",Female,All sites,1983,1.8,7,603923
"Other (American Indian/AK Native, Asian/Pacific Islander)",Female,All sites,1984,0.7,4,629449
"Other (American Indian/AK Native, Asian/Pacific Islander)",Female,All sites,1985,2.2,12,655625
"Other (American Indian/AK Native, Asian/Pacific Islander)",Female,All sites,1986,1.3,8,681936
"Other (American Indian/AK Native, Asian/Pacific Islander)",Female,All sites,1987,1.3,9,710334
"Other (American Indian/AK Native, Asian/Pacific Islander)",Female,All sites,1988,0.6,4,737936
"Other (American Indian/AK Native, Asian/Pacific Islander)",Female,All sites,1989,1.5,10,764831
"Other (American Indian/AK Native, Asian/Pacific Islander)",Female,All sites,1990,1.7,13,793162
"Other (American Indian/AK Native, Asian/Pacific Islander)",Female,All sites,1991,0.8,6,822217
"Other (American Indian/AK Native, Asian/Pacific Islander)",Female,All sites,1992,2.3,17,857315
"Other (American Indian/AK Native, Asian/Pacific Islander)",Female,All sites,1993,1.5,12,893715
"Other (American Indian/AK Native, Asian/Pacific Islander)",Female,All sites,1994,1.8,14,929470
"Other (American Indian/AK Native, Asian/Pacific Islander)",Female,All sites,1995,1.9,17,966123
"Other (American Indian/AK Native, Asian/Pacific Islander)",Female,All sites,1996,1.4,13,1003402
"Other (American Indian/AK Native, Asian/Pacific Islander)",Female,All sites,1997,2.0,18,1043415
"Other (American Indian/AK Native, Asian/Pacific Islander)",Female,All sites,1998,2.2,19,1080980
"Other (American Indian/AK Native, Asian/Pacific Islander)",Female,All sites,1999,1.9,19,1112554
"Other (American Indian/AK Native, Asian/Pacific Islander)",Female,All sites,2000,2.5,26,1152338
"Other (American Indian/AK Native, Asian/Pacific Islander)",Female,All sites,2001,1.9,22,1192948
"Other (American Indian/AK Native, Asian/Pacific Islander)",Female,All sites,2002,2.2,25,1229750
"Other (American Indian/AK Native, Asian/Pacific Islander)",Female,All sites,2003,2.0,24,1265897
"Other (American Indian/AK Native, Asian/Pacific Islander)",Female,All sites,2004,2.5,31,1304475
"Other (American Indian/AK Native, Asian/Pacific Islander)",Female,All sites,2005,1.8,23,1342865
"Other (American Indian/AK Native, Asian/Pacific Islander)",Female,All sites,2006,2.2,29,1384174
"Other (American Indian/AK Native, Asian/Pacific Islander)",Female,All sites,2007,2.3,32,1423669
"Other (American Indian/AK Native, Asian/Pacific Islander)",Female,All sites,2008,1.8,26,1466256
"Other (American Indian/AK Native, Asian/Pacific Islander)",Female,All sites,2009,2.3,34,1507668
"Other (American Indian/AK Native, Asian/Pacific Islander)",Female,All sites,2010,2.1,33,1547134
"Other (American Indian/AK Native, Asian/Pacific Islander)",Female,All sites,2011,2.3,35,1590078
"Other (American Indian/AK Native, Asian/Pacific Islander)",Female,All sites,2012,2.2,34,1634440
"Other (American Indian/AK Native, Asian/Pacific Islander)",Female,All sites,2013,1.8,30,1677300
"Other (American Indian/AK Native, Asian/Pacific Islander)",Female,All sites,2014,2.5,45,1724342
"Other (American Indian/AK Native, Asian/Pacific Islander)",Female,All sites,2015,3.4,63,1771546
"Other (American Indian/AK Native, Asian/Pacific Islander)",Female,All sites,2016,2.4,43,1822225
"Other (American Indian/AK Native, Asian/Pacific Islander)",Female,All sites,2017,2.1,39,1867069
"Other (American Indian/AK Native, Asian/Pacific Islander)",Female,All sites,2018,1.9,39,1905452
"Other (American Indian/AK Native, Asian/Pacific Islander)",Female,All sites,2019,2.5,51,1940021
"Other (American Indian/AK Native, Asian/Pacific Islander)",Female,All sites,2020,1.9,40,1968522
"Other (American Indian/AK Native, Asian/Pacific Islander)",Female,All sites,2021,2.2,47,1986958
"Other (American Indian/AK Native, Asian/Pacific Islander)",Female,All sites,2022,2.0,44,2024443
"Other (American Indian/AK Native, Asian/Pacific Islander)",Female,Head and Neck,1975-2022,0.3,143,54938807
"Other (American Indian/AK Native, Asian/Pacific Islander)",Female,Head and Neck,1975,0.0,0,406367
"Other (American Indian/AK Native, Asian/Pacific Islander)",Female,Head and Neck,1976,0.0,0,430061
"Other (American Indian/AK Native, Asian/Pacific Islander)",Female,Head and Neck,1977,0.3,1,452394
"Other (American Indian/AK Native, Asian/Pacific Islander)",Female,Head and Neck,1978,0.0,0,475321
"Other (American Indian/AK Native, Asian/Pacific Islander)",Female,Head and Neck,1979,0.0,0,501086
"Other (American Indian/AK Native, Asian/Pacific Islander)",Female,Head and Neck,1980,0.0,0,527252
"Other (American Indian/AK Native, Asian/Pacific Islander)",Female,Head and Neck,1981,0.3,1,552157
"Other (American Indian/AK Native, Asian/Pacific Islander)",Female,Head and Neck,1982,0.0,0,578212
"Other (American Indian/AK Native, Asian/Pacific Islander)",Female,Head and Neck,1983,0.2,1,603923
"Other (American Indian/AK Native, Asian/Pacific Islander)",Female,Head and Neck,1984,0.2,1,629449
"Other (American Indian/AK Native, Asian/Pacific Islander)",Female,Head and Neck,1985,0.3,2,655625
"Other (American Indian/AK Native, Asian/Pacific Islander)",Female,Head and Neck,1986,0.1,1,681936
"Other (American Indian/AK Native, Asian/Pacific Islander)",Female,Head and Neck,1987,0.0,0,710334
"Other (American Indian/AK Native, Asian/Pacific Islander)",Female,Head and Neck,1988,0.2,1,737936
"Other (American Indian/AK Native, Asian/Pacific Islander)",Female,Head and Neck,1989,0.2,1,764831
"Other (American Indian/AK Native, Asian/Pacific Islander)",Female,Head and Neck,1990,0.6,4,793162
"Other (American Indian/AK Native, Asian/Pacific Islander)",Female,Head and Neck,1991,0.0,0,822217
"Other (American Indian/AK Native, Asian/Pacific Islander)",Female,Head and Neck,1992,0.5,3,857315
"Other (American Indian/AK Native, Asian/Pacific Islander)",Female,Head and Neck,1993,0.3,2,893715
"Other (American Indian/AK Native, Asian/Pacific Islander)",Female,Head and Neck,1994,0.5,3,929470
"Other (American Indian/AK Native, Asian/Pacific Islander)",Female,Head and Neck,1995,0.6,5,966123
"Other (American Indian/AK Native, Asian/Pacific Islander)",Female,Head and Neck,1996,0.0,0,1003402
"Other (American Indian/AK Native, Asian/Pacific Islander)",Female,Head and Neck,1997,0.4,2,1043415
"Other (American Indian/AK Native, Asian/Pacific Islander)",Female,Head and Neck,1998,0.2,1,1080980
"Other (American Indian/AK Native, Asian/Pacific Islander)",Female,Head and Neck,1999,0.2,2,1112554
"Other (American Indian/AK Native, Asian/Pacific Islander)",Female,Head and Neck,2000,0.2,2,1152338
"Other (American Indian/AK Native, Asian/Pacific Islander)",Female,Head and Neck,2001,0.3,3,1192948
"Other (American Indian/AK Native, Asian/Pacific Islander)",Female,Head and Neck,2002,0.3,3,1229750
"Other (American Indian/AK Native, Asian/Pacific Islander)",Female,Head and Neck,2003,0.5,6,1265897
"Other (American Indian/AK Native, Asian/Pacific Islander)",Female,Head and Neck,2004,0.2,2,1304475
"Other (American Indian/AK Native, Asian/Pacific Islander)",Female,Head and Neck,2005,0.1,1,1342865
"Other (American Indian/AK Native, Asian/Pacific Islander)",Female,Head and Neck,2006,0.6,8,1384174
"Other (American Indian/AK Native, Asian/Pacific Islander)",Female,Head and Neck,2007,0.2,3,1423669
"Other (American Indian/AK Native, Asian/Pacific Islander)",Female,Head and Neck,2008,0.3,4,1466256
"Other (American Indian/AK Native, Asian/Pacific Islander)",Female,Head and Neck,2009,0.5,7,1507668
"Other (American Indian/AK Native, Asian/Pacific Islander)",Female,Head and Neck,2010,0.3,5,1547134
"Other (American Indian/AK Native, Asian/Pacific Islander)",Female,Head and Neck,2011,0.2,3,1590078
"Other (American Indian/AK Native, Asian/Pacific Islander)",Female,Head and Neck,2012,0.3,5,1634440
"Other (American Indian/AK Native, Asian/Pacific Islander)",Female,Head and Neck,2013,0.1,1,1677300
"Other (American Indian/AK Native, Asian/Pacific Islander)",Female,Head and Neck,2014,0.1,2,1724342
"Other (American Indian/AK Native, Asian/Pacific Islander)",Female,Head and Neck,2015,0.5,9,1771546
"Other (American Indian/AK Native, Asian/Pacific Islander)",Female,Head and Neck,2016,0.5,10,1822225
"Other (American Indian/AK Native, Asian/Pacific Islander)",Female,Head and Neck,2017,0.1,3,1867069
"Other (American Indian/AK Native, Asian/Pacific Islander)",Female,Head and Neck,2018,0.3,6,1905452
"Other (American Indian/AK Native, Asian/Pacific Islander)",Female,Head and Neck,2019,0.3,6,1940021
"Other (American Indian/AK Native, Asian/Pacific Islander)",Female,Head and Neck,2020,0.3,7,1968522
"Other (American Indian/AK Native, Asian/Pacific Islander)",Female,Head and Neck,2021,0.4,9,1986958
"Other (American Indian/AK Native, Asian/Pacific Islander)",Female,Head and Neck,2022,0.3,7,2024443
"Other (American Indian/AK Native, Asian/Pacific Islander)",Female,Trunk,1975-2022,0.5,242,54938807
"Other (American Indian/AK Native, Asian/Pacific Islander)",Female,Trunk,1975,0.2,1,406367
"Other (American Indian/AK Native, Asian/Pacific Islander)",Female,Trunk,1976,0.3,1,430061
"Other (American Indian/AK Native, Asian/Pacific Islander)",Female,Trunk,1977,0.0,0,452394
"Other (American Indian/AK Native, Asian/Pacific Islander)",Female,Trunk,1978,0.7,3,475321
"Other (American Indian/AK Native, Asian/Pacific Islander)",Female,Trunk,1979,0.3,2,501086
"Other (American Indian/AK Native, Asian/Pacific Islander)",Female,Trunk,1980,0.3,2,527252
"Other (American Indian/AK Native, Asian/Pacific Islander)",Female,Trunk,1981,0.2,1,552157
"Other (American Indian/AK Native, Asian/Pacific Islander)",Female,Trunk,1982,0.1,1,578212
"Other (American Indian/AK Native, Asian/Pacific Islander)",Female,Trunk,1983,0.3,1,603923
"Other (American Indian/AK Native, Asian/Pacific Islander)",Female,Trunk,1984,0.0,0,629449
"Other (American Indian/AK Native, Asian/Pacific Islander)",Female,Trunk,1985,0.3,2,655625
"Other (American Indian/AK Native, Asian/Pacific Islander)",Female,Trunk,1986,0.0,0,681936
"Other (American Indian/AK Native, Asian/Pacific Islander)",Female,Trunk,1987,0.6,4,710334
"Other (American Indian/AK Native, Asian/Pacific Islander)",Female,Trunk,1988,0.1,1,737936
"Other (American Indian/AK Native, Asian/Pacific Islander)",Female,Trunk,1989,0.3,2,764831
"Other (American Indian/AK Native, Asian/Pacific Islander)",Female,Trunk,1990,0.5,4,793162
"Other (American Indian/AK Native, Asian/Pacific Islander)",Female,Trunk,1991,0.0,0,822217
"Other (American Indian/AK Native, Asian/Pacific Islander)",Female,Trunk,1992,0.6,5,857315
"Other (American Indian/AK Native, Asian/Pacific Islander)",Female,Trunk,1993,0.2,2,893715
"Other (American Indian/AK Native, Asian/Pacific Islander)",Female,Trunk,1994,0.2,2,929470
"Other (American Indian/AK Native, Asian/Pacific Islander)",Female,Trunk,1995,0.4,4,966123
"Other (American Indian/AK Native, Asian/Pacific Islander)",Female,Trunk,1996,0.4,4,1003402
"Other (American Indian/AK Native, Asian/Pacific Islander)",Female,Trunk,1997,0.6,7,1043415
"Other (American Indian/AK Native, Asian/Pacific Islander)",Female,Trunk,1998,0.3,3,1080980
"Other (American Indian/AK Native, Asian/Pacific Islander)",Female,Trunk,1999,0.3,4,1112554
"Other (American Indian/AK Native, Asian/Pacific Islander)",Female,Trunk,2000,0.6,7,1152338
"Other (American Indian/AK Native, Asian/Pacific Islander)",Female,Trunk,2001,0.4,4,1192948
"Other (American Indian/AK Native, Asian/Pacific Islander)",Female,Trunk,2002,0.8,9,1229750
"Other (American Indian/AK Native, Asian/Pacific Islander)",Female,Trunk,2003,0.2,3,1265897
"Other (American Indian/AK Native, Asian/Pacific Islander)",Female,Trunk,2004,0.6,7,1304475
"Other (American Indian/AK Native, Asian/Pacific Islander)",Female,Trunk,2005,0.3,4,1342865
"Other (American Indian/AK Native, Asian/Pacific Islander)",Female,Trunk,2006,0.4,5,1384174
"Other (American Indian/AK Native, Asian/Pacific Islander)",Female,Trunk,2007,0.5,7,1423669
"Other (American Indian/AK Native, Asian/Pacific Islander)",Female,Trunk,2008,0.5,7,1466256
"Other (American Indian/AK Native, Asian/Pacific Islander)",Female,Trunk,2009,0.6,10,1507668
"Other (American Indian/AK Native, Asian/Pacific Islander)",Female,Trunk,2010,0.3,4,1547134
"Other (American Indian/AK Native, Asian/Pacific Islander)",Female,Trunk,2011,0.4,7,1590078
"Other (American Indian/AK Native, Asian/Pacific Islander)",Female,Trunk,2012,0.7,11,1634440
"Other (American Indian/AK Native, Asian/Pacific Islander)",Female,Trunk,2013,0.4,6,1677300
"Other (American Indian/AK Native, Asian/Pacific Islander)",Female,Trunk,2014,0.8,13,1724342
"Other (American Indian/AK Native, Asian/Pacific Islander)",Female,Trunk,2015,0.8,15,1771546
"Other (American Indian/AK Native, Asian/Pacific Islander)",Female,Trunk,2016,0.5,9,1822225
"Other (American Indian/AK Native, Asian/Pacific Islander)",Female,Trunk,2017,0.5,10,1867069
"Other (American Indian/AK Native, Asian/Pacific Islander)",Female,Trunk,2018,0.4,9,1905452
"Other (American Indian/AK Native, Asian/Pacific Islander)",Female,Trunk,2019,0.9,17,1940021
"Other (American Indian/AK Native, Asian/Pacific Islander)",Female,Trunk,2020,0.1,1,1968522
"Other (American Indian/AK Native, Asian/Pacific Islander)",Female,Trunk,2021,0.6,12,1986958
"Other (American Indian/AK Native, Asian/Pacific Islander)",Female,Trunk,2022,0.4,9,2024443
"Other (American Indian/AK Native, Asian/Pacific Islander)",Female,Arm (shoulder to finger),1975-2022,0.4,232,54938807
"Other (American Indian/AK Native, Asian/Pacific Islander)",Female,Arm (shoulder to finger),1975,0.7,2,406367
"Other (American Indian/AK Native, Asian/Pacific Islander)",Female,Arm (shoulder to finger),1976,0.0,0,430061
"Other (American Indian/AK Native, Asian/Pacific Islander)",Female,Arm (shoulder to finger),1977,0.0,0,452394
"Other (American Indian/AK Native, Asian/Pacific Islander)",Female,Arm (shoulder to finger),1978,0.0,0,475321
"Other (American Indian/AK Native, Asian/Pacific Islander)",Female,Arm (shoulder to finger),1979,0.9,4,501086
"Other (American Indian/AK Native, Asian/Pacific Islander)",Female,Arm (shoulder to finger),1980,0.2,1,527252
"Other (American Indian/AK Native, Asian/Pacific Islander)",Female,Arm (shoulder to finger),1981,0.1,1,552157
"Other (American Indian/AK Native, Asian/Pacific Islander)",Female,Arm (shoulder to finger),1982,0.2,1,578212
"Other (American Indian/AK Native, Asian/Pacific Islander)",Female,Arm (shoulder to finger),1983,0.8,3,603923
"Other (American Indian/AK Native, Asian/Pacific Islander)",Female,Arm (shoulder to finger),1984,0.2,1,629449
"Other (American Indian/AK Native, Asian/Pacific Islander)",Female,Arm (shoulder to finger),1985,0.5,3,655625
"Other (American Indian/AK Native, Asian/Pacific Islander)",Female,Arm (shoulder to finger),1986,0.2,1,681936
"Other (American Indian/AK Native, Asian/Pacific Islander)",Female,Arm (shoulder to finger),1987,0.1,1,710334
"Other (American Indian/AK Native, Asian/Pacific Islander)",Female,Arm (shoulder to finger),1988,0.1,1,737936
"Other (American Indian/AK Native, Asian/Pacific Islander)",Female,Arm (shoulder to finger),1989,0.2,2,764831
"Other (American Indian/AK Native, Asian/Pacific Islander)",Female,Arm (shoulder to finger),1990,0.0,0,793162
"Other (American Indian/AK Native, Asian/Pacific Islander)",Female,Arm (shoulder to finger),1991,0.3,2,822217
"Other (American Indian/AK Native, Asian/Pacific Islander)",Female,Arm (shoulder to finger),1992,0.4,3,857315
"Other (American Indian/AK Native, Asian/Pacific Islander)",Female,Arm (shoulder to finger),1993,0.1,1,893715
"Other (American Indian/AK Native, Asian/Pacific Islander)",Female,Arm (shoulder to finger),1994,0.3,2,929470
"Other (American Indian/AK Native, Asian/Pacific Islander)",Female,Arm (shoulder to finger),1995,0.4,4,966123
"Other (American Indian/AK Native, Asian/Pacific Islander)",Female,Arm (shoulder to finger),1996,0.6,5,1003402
"Other (American Indian/AK Native, Asian/Pacific Islander)",Female,Arm (shoulder to finger),1997,0.4,4,1043415
"Other (American Indian/AK Native, Asian/Pacific Islander)",Female,Arm (shoulder to finger),1998,0.6,5,1080980
"Other (American Indian/AK Native, Asian/Pacific Islander)",Female,Arm (shoulder to finger),1999,0.1,1,1112554
"Other (American Indian/AK Native, Asian/Pacific Islander)",Female,Arm (shoulder to finger),2000,0.8,8,1152338
"Other (American Indian/AK Native, Asian/Pacific Islander)",Female,Arm (shoulder to finger),2001,0.5,6,1192948
"Other (American Indian/AK Native, Asian/Pacific Islander)",Female,Arm (shoulder to finger),2002,0.2,3,1229750
"Other (American Indian/AK Native, Asian/Pacific Islander)",Female,Arm (shoulder to finger),2003,0.4,5,1265897
"Other (American Indian/AK Native, Asian/Pacific Islander)",Female,Arm (shoulder to finger),2004,0.3,4,1304475
"Other (American Indian/AK Native, Asian/Pacific Islander)",Female,Arm (shoulder to finger),2005,0.4,5,1342865
"Other (American Indian/AK Native, Asian/Pacific Islander)",Female,Arm (shoulder to finger),2006,0.5,7,1384174
"Other (American Indian/AK Native, Asian/Pacific Islander)",Female,Arm (shoulder to finger),2007,0.3,4,1423669
"Other (American Indian/AK Native, Asian/Pacific Islander)",Female,Arm (shoulder to finger),2008,0.4,6,1466256
"Other (American Indian/AK Native, Asian/Pacific Islander)",Female,Arm (shoulder to finger),2009,0.5,7,1507668
"Other (American Indian/AK Native, Asian/Pacific Islander)",Female,Arm (shoulder to finger),2010,0.4,6,1547134
"Other (American Indian/AK Native, Asian/Pacific Islander)",Female,Arm (shoulder to finger),2011,0.5,8,1590078
"Other (American Indian/AK Native, Asian/Pacific Islander)",Female,Arm (shoulder to finger),2012,0.4,6,1634440
"Other (American Indian/AK Native, Asian/Pacific Islander)",Female,Arm (shoulder to finger),2013,0.6,11,1677300
"Other (American Indian/AK Native, Asian/Pacific Islander)",Female,Arm (shoulder to finger),2014,0.6,11,1724342
"Other (American Indian/AK Native, Asian/Pacific Islander)",Female,Arm (shoulder to finger),2015,0.7,15,1771546
"Other (American Indian/AK Native, Asian/Pacific Islander)",Female,Arm (shoulder to finger),2016,0.4,7,1822225
"Other (American Indian/AK Native, Asian/Pacific Islander)",Female,Arm (shoulder to finger),2017,0.6,12,1867069
"Other (American Indian/AK Native, Asian/Pacific Islander)",Female,Arm (shoulder to finger),2018,0.5,10,1905452
"Other (American Indian/AK Native, Asian/Pacific Islander)",Female,Arm (shoulder to finger),2019,0.5,11,1940021
"Other (American Indian/AK Native, Asian/Pacific Islander)",Female,Arm (shoulder to finger),2020,0.5,11,1968522
"Other (American Indian/AK Native, Asian/Pacific Islander)",Female,Arm (shoulder to finger),2021,0.5,10,1986958
"Other (American Indian/AK Native, Asian/Pacific Islander)",Female,Arm (shoulder to finger),2022,0.5,11,2024443
"Other (American Indian/AK Native, Asian/Pacific Islander)",Female,Leg (hip to toe),1975-2022,0.8,441,54938807
"Other (American Indian/AK Native, Asian/Pacific Islander)",Female,Leg (hip to toe),1975,0.0,0,406367
"Other (American Indian/AK Native, Asian/Pacific Islander)",Female,Leg (hip to toe),1976,0.6,2,430061
"Other (American Indian/AK Native, Asian/Pacific Islander)",Female,Leg (hip to toe),1977,0.6,2,452394
"Other (American Indian/AK Native, Asian/Pacific Islander)",Female,Leg (hip to toe),1978,1.3,4,475321
"Other (American Indian/AK Native, Asian/Pacific Islander)",Female,Leg (hip to toe),1979,0.2,1,501086
"Other (American Indian/AK Native, Asian/Pacific Islander)",Female,Leg (hip to toe),1980,0.4,2,527252
"Other (American Indian/AK Native, Asian/Pacific Islander)",Female,Leg (hip to toe),1981,0.9,4,552157
"Other (American Indian/AK Native, Asian/Pacific Islander)",Female,Leg (hip to toe),1982,0.6,4,578212
"Other (American Indian/AK Native, Asian/Pacific Islander)",Female,Leg (hip to toe),1983,0.6,2,603923
"Other (American Indian/AK Native, Asian/Pacific Islander)",Female,Leg (hip to toe),1984,0.4,2,629449
"Other (American Indian/AK Native, Asian/Pacific Islander)",Female,Leg (hip to toe),1985,1.0,5,655625
"Other (American Indian/AK Native, Asian/Pacific Islander)",Female,Leg (hip to toe),1986,0.9,6,681936
"Other (American Indian/AK Native, Asian/Pacific Islander)",Female,Leg (hip to toe),1987,0.6,4,710334
"Other (American Indian/AK Native, Asian/Pacific Islander)",Female,Leg (hip to toe),1988,0.2,1,737936
"Other (American Indian/AK Native, Asian/Pacific Islander)",Female,Leg (hip to toe),1989,0.7,5,764831
"Other (American Indian/AK Native, Asian/Pacific Islander)",Female,Leg (hip to toe),1990,0.6,5,793162
"Other (American Indian/AK Native, Asian/Pacific Islander)",Female,Leg (hip to toe),1991,0.6,4,822217
"Other (American Indian/AK Native, Asian/Pacific Islander)",Female,Leg (hip to toe),1992,0.7,6,857315
"Other (American Indian/AK Native, Asian/Pacific Islander)",Female,Leg (hip to toe),1993,0.9,7,893715
"Other (American Indian/AK Native, Asian/Pacific Islander)",Female,Leg (hip to toe),1994,0.8,7,929470
"Other (American Indian/AK Native, Asian/Pacific Islander)",Female,Leg (hip to toe),1995,0.5,4,966123
"Other (American Indian/AK Native, Asian/Pacific Islander)",Female,Leg (hip to toe),1996,0.4,4,1003402
"Other (American Indian/AK Native, Asian/Pacific Islander)",Female,Leg (hip to toe),1997,0.6,5,1043415
"Other (American Indian/AK Native, Asian/Pacific Islander)",Female,Leg (hip to toe),1998,1.1,10,1080980
"Other (American Indian/AK Native, Asian/Pacific Islander)",Female,Leg (hip to toe),1999,1.2,12,1112554
"Other (American Indian/AK Native, Asian/Pacific Islander)",Female,Leg (hip to toe),2000,0.9,9,1152338
"Other (American Indian/AK Native, Asian/Pacific Islander)",Female,Leg (hip to toe),2001,0.7,9,1192948
"Other (American Indian/AK Native, Asian/Pacific Islander)",Female,Leg (hip to toe),2002,0.9,10,1229750
"Other (American Indian/AK Native, Asian/Pacific Islander)",Female,Leg (hip to toe),2003,0.9,10,1265897
"Other (American Indian/AK Native, Asian/Pacific Islander)",Female,Leg (hip to toe),2004,1.4,18,1304475
"Other (American Indian/AK Native, Asian/Pacific Islander)",Female,Leg (hip to toe),2005,1.0,13,1342865
"Other (American Indian/AK Native, Asian/Pacific Islander)",Female,Leg (hip to toe),2006,0.7,9,1384174
"Other (American Indian/AK Native, Asian/Pacific Islander)",Female,Leg (hip to toe),2007,1.3,18,1423669
"Other (American Indian/AK Native, Asian/Pacific Islander)",Female,Leg (hip to toe),2008,0.6,9,1466256
"Other (American Indian/AK Native, Asian/Pacific Islander)",Female,Leg (hip to toe),2009,0.6,10,1507668
"Other (American Indian/AK Native, Asian/Pacific Islander)",Female,Leg (hip to toe),2010,1.2,18,1547134
"Other (American Indian/AK Native, Asian/Pacific Islander)",Female,Leg (hip to toe),2011,1.1,17,1590078
"Other (American Indian/AK Native, Asian/Pacific Islander)",Female,Leg (hip to toe),2012,0.8,12,1634440
"Other (American Indian/AK Native, Asian/Pacific Islander)",Female,Leg (hip to toe),2013,0.7,12,1677300
"Other (American Indian/AK Native, Asian/Pacific Islander)",Female,Leg (hip to toe),2014,1.0,19,1724342
"Other (American Indian/AK Native, Asian/Pacific Islander)",Female,Leg (hip to toe),2015,1.3,24,1771546
"Other (American Indian/AK Native, Asian/Pacific Islander)",Female,Leg (hip to toe),2016,1.0,17,1822225
"Other (American Indian/AK Native, Asian/Pacific Islander)",Female,Leg (hip to toe),2017,0.8,14,1867069
"Other (American Indian/AK Native, Asian/Pacific Islander)",Female,Leg (hip to toe),2018,0.7,14,1905452
"Other (American Indian/AK Native, Asian/Pacific Islander)",Female,Leg (hip to toe),2019,0.9,17,1940021
"Other (American Indian/AK Native, Asian/Pacific Islander)",Female,Leg (hip to toe),2020,1.0,21,1968522
"Other (American Indian/AK Native, Asian/Pacific Islander)",Female,Leg (hip to toe),2021,0.7,16,1986958
"Other (American Indian/AK Native, Asian/Pacific Islander)",Female,Leg (hip to toe),2022,0.8,17,2024443
Unknown,Male and female,All sites,1975-2022,~,0,0
Unknown,Male and female,All sites,1975,~,0,0
Unknown,Male and female,All sites,1976,~,0,0
Unknown,Male and female,All sites,1977,~,0,0
Unknown,Male and female,All sites,1978,~,0,0
Unknown,Male and female,All sites,1979,~,0,0
Unknown,Male and female,All sites,1980,~,0,0
Unknown,Male and female,All sites,1981,~,0,0
Unknown,Male and female,All sites,1982,~,0,0
Unknown,Male and female,All sites,1983,~,0,0
Unknown,Male and female,All sites,1984,~,0,0
Unknown,Male and female,All sites,1985,~,0,0
Unknown,Male and female,All sites,1986,~,0,0
Unknown,Male and female,All sites,1987,~,0,0
Unknown,Male and female,All sites,1988,~,0,0
Unknown,Male and female,All sites,1989,~,0,0
Unknown,Male and female,All sites,1990,~,0,0
Unknown,Male and female,All sites,1991,~,0,0
Unknown,Male and female,All sites,1992,~,0,0
Unknown,Male and female,All sites,1993,~,0,0
Unknown,Male and female,All sites,1994,~,0,0
Unknown,Male and female,All sites,1995,~,0,0
Unknown,Male and female,All sites,1996,~,0,0
Unknown,Male and female,All sites,1997,~,0,0
Unknown,Male and female,All sites,1998,~,0,0
Unknown,Male and female,All sites,1999,~,0,0
Unknown,Male and female,All sites,2000,~,0,0
Unknown,Male and female,All sites,2001,~,0,0
Unknown,Male and female,All sites,2002,~,0,0
Unknown,Male and female,All sites,2003,~,0,0
Unknown,Male and female,All sites,2004,~,0,0
Unknown,Male and female,All sites,2005,~,0,0
Unknown,Male and female,All sites,2006,~,0,0
Unknown,Male and female,All sites,2007,~,0,0
Unknown,Male and female,All sites,2008,~,0,0
Unknown,Male and female,All sites,2009,~,0,0
Unknown,Male and female,All sites,2010,~,0,0
Unknown,Male and female,All sites,2011,~,0,0
Unknown,Male and female,All sites,2012,~,0,0
Unknown,Male and female,All sites,2013,~,0,0
Unknown,Male and female,All sites,2014,~,0,0
Unknown,Male and female,All sites,2015,~,0,0
Unknown,Male and female,All sites,2016,~,0,0
Unknown,Male and female,All sites,2017,~,0,0
Unknown,Male and female,All sites,2018,~,0,0
Unknown,Male and female,All sites,2019,~,0,0
Unknown,Male and female,All sites,2020,~,0,0
Unknown,Male and female,All sites,2021,~,0,0
Unknown,Male and female,All sites,2022,~,0,0
Unknown,Male and female,Head and Neck,1975-2022,~,0,0
Unknown,Male and female,Head and Neck,1975,~,0,0
Unknown,Male and female,Head and Neck,1976,~,0,0
Unknown,Male and female,Head and Neck,1977,~,0,0
Unknown,Male and female,Head and Neck,1978,~,0,0
Unknown,Male and female,Head and Neck,1979,~,0,0
Unknown,Male and female,Head and Neck,1980,~,0,0
Unknown,Male and female,Head and Neck,1981,~,0,0
Unknown,Male and female,Head and Neck,1982,~,0,0
Unknown,Male and female,Head and Neck,1983,~,0,0
Unknown,Male and female,Head and Neck,1984,~,0,0
Unknown,Male and female,Head and Neck,1985,~,0,0
Unknown,Male and female,Head and Neck,1986,~,0,0
Unknown,Male and female,Head and Neck,1987,~,0,0
Unknown,Male and female,Head and Neck,1988,~,0,0
Unknown,Male and female,Head and Neck,1989,~,0,0
Unknown,Male and female,Head and Neck,1990,~,0,0
Unknown,Male and female,Head and Neck,1991,~,0,0
Unknown,Male and female,Head and Neck,1992,~,0,0
Unknown,Male and female,Head and Neck,1993,~,0,0
Unknown,Male and female,Head and Neck,1994,~,0,0
Unknown,Male and female,Head and Neck,1995,~,0,0
Unknown,Male and female,Head and Neck,1996,~,0,0
Unknown,Male and female,Head and Neck,1997,~,0,0
Unknown,Male and female,Head and Neck,1998,~,0,0
Unknown,Male and female,Head and Neck,1999,~,0,0
Unknown,Male and female,Head and Neck,2000,~,0,0
Unknown,Male and female,Head and Neck,2001,~,0,0
Unknown,Male and female,Head and Neck,2002,~,0,0
Unknown,Male and female,Head and Neck,2003,~,0,0
Unknown,Male and female,Head and Neck,2004,~,0,0
Unknown,Male and female,Head and Neck,2005,~,0,0
Unknown,Male and female,Head and Neck,2006,~,0,0
Unknown,Male and female,Head and Neck,2007,~,0,0
Unknown,Male and female,Head and Neck,2008,~,0,0
Unknown,Male and female,Head and Neck,2009,~,0,0
Unknown,Male and female,Head and Neck,2010,~,0,0
Unknown,Male and female,Head and Neck,2011,~,0,0
Unknown,Male and female,Head and Neck,2012,~,0,0
Unknown,Male and female,Head and Neck,2013,~,0,0
Unknown,Male and female,Head and Neck,2014,~,0,0
Unknown,Male and female,Head and Neck,2015,~,0,0
Unknown,Male and female,Head and Neck,2016,~,0,0
Unknown,Male and female,Head and Neck,2017,~,0,0
Unknown,Male and female,Head and Neck,2018,~,0,0
Unknown,Male and female,Head and Neck,2019,~,0,0
Unknown,Male and female,Head and Neck,2020,~,0,0
Unknown,Male and female,Head and Neck,2021,~,0,0
Unknown,Male and female,Head and Neck,2022,~,0,0
Unknown,Male and female,Trunk,1975-2022,~,0,0
Unknown,Male and female,Trunk,1975,~,0,0
Unknown,Male and female,Trunk,1976,~,0,0
Unknown,Male and female,Trunk,1977,~,0,0
Unknown,Male and female,Trunk,1978,~,0,0
Unknown,Male and female,Trunk,1979,~,0,0
Unknown,Male and female,Trunk,1980,~,0,0
Unknown,Male and female,Trunk,1981,~,0,0
Unknown,Male and female,Trunk,1982,~,0,0
Unknown,Male and female,Trunk,1983,~,0,0
Unknown,Male and female,Trunk,1984,~,0,0
Unknown,Male and female,Trunk,1985,~,0,0
Unknown,Male and female,Trunk,1986,~,0,0
Unknown,Male and female,Trunk,1987,~,0,0
Unknown,Male and female,Trunk,1988,~,0,0
Unknown,Male and female,Trunk,1989,~,0,0
Unknown,Male and female,Trunk,1990,~,0,0
Unknown,Male and female,Trunk,1991,~,0,0
Unknown,Male and female,Trunk,1992,~,0,0
Unknown,Male and female,Trunk,1993,~,0,0
Unknown,Male and female,Trunk,1994,~,0,0
Unknown,Male and female,Trunk,1995,~,0,0
Unknown,Male and female,Trunk,1996,~,0,0
Unknown,Male and female,Trunk,1997,~,0,0
Unknown,Male and female,Trunk,1998,~,0,0
Unknown,Male and female,Trunk,1999,~,0,0
Unknown,Male and female,Trunk,2000,~,0,0
Unknown,Male and female,Trunk,2001,~,0,0
Unknown,Male and female,Trunk,2002,~,0,0
Unknown,Male and female,Trunk,2003,~,0,0
Unknown,Male and female,Trunk,2004,~,0,0
Unknown,Male and female,Trunk,2005,~,0,0
Unknown,Male and female,Trunk,2006,~,0,0
Unknown,Male and female,Trunk,2007,~,0,0
Unknown,Male and female,Trunk,2008,~,0,0
Unknown,Male and female,Trunk,2009,~,0,0
Unknown,Male and female,Trunk,2010,~,0,0
Unknown,Male and female,Trunk,2011,~,0,0
Unknown,Male and female,Trunk,2012,~,0,0
Unknown,Male and female,Trunk,2013,~,0,0
Unknown,Male and female,Trunk,2014,~,0,0
Unknown,Male and female,Trunk,2015,~,0,0
Unknown,Male and female,Trunk,2016,~,0,0
Unknown,Male and female,Trunk,2017,~,0,0
Unknown,Male and female,Trunk,2018,~,0,0
Unknown,Male and female,Trunk,2019,~,0,0
Unknown,Male and female,Trunk,2020,~,0,0
Unknown,Male and female,Trunk,2021,~,0,0
Unknown,Male and female,Trunk,2022,~,0,0
Unknown,Male and female,Arm (shoulder to finger),1975-2022,~,0,0
Unknown,Male and female,Arm (shoulder to finger),1975,~,0,0
Unknown,Male and female,Arm (shoulder to finger),1976,~,0,0
Unknown,Male and female,Arm (shoulder to finger),1977,~,0,0
Unknown,Male and female,Arm (shoulder to finger),1978,~,0,0
Unknown,Male and female,Arm (shoulder to finger),1979,~,0,0
Unknown,Male and female,Arm (shoulder to finger),1980,~,0,0
Unknown,Male and female,Arm (shoulder to finger),1981,~,0,0
Unknown,Male and female,Arm (shoulder to finger),1982,~,0,0
Unknown,Male and female,Arm (shoulder to finger),1983,~,0,0
Unknown,Male and female,Arm (shoulder to finger),1984,~,0,0
Unknown,Male and female,Arm (shoulder to finger),1985,~,0,0
Unknown,Male and female,Arm (shoulder to finger),1986,~,0,0
Unknown,Male and female,Arm (shoulder to finger),1987,~,0,0
Unknown,Male and female,Arm (shoulder to finger),1988,~,0,0
Unknown,Male and female,Arm (shoulder to finger),1989,~,0,0
Unknown,Male and female,Arm (shoulder to finger),1990,~,0,0
Unknown,Male and female,Arm (shoulder to finger),1991,~,0,0
Unknown,Male and female,Arm (shoulder to finger),1992,~,0,0
Unknown,Male and female,Arm (shoulder to finger),1993,~,0,0
Unknown,Male and female,Arm (shoulder to finger),1994,~,0,0
Unknown,Male and female,Arm (shoulder to finger),1995,~,0,0
Unknown,Male and female,Arm (shoulder to finger),1996,~,0,0
Unknown,Male and female,Arm (shoulder to finger),1997,~,0,0
Unknown,Male and female,Arm (shoulder to finger),1998,~,0,0
Unknown,Male and female,Arm (shoulder to finger),1999,~,0,0
Unknown,Male and female,Arm (shoulder to finger),2000,~,0,0
Unknown,Male and female,Arm (shoulder to finger),2001,~,0,0
Unknown,Male and female,Arm (shoulder to finger),2002,~,0,0
Unknown,Male and female,Arm (shoulder to finger),2003,~,0,0
Unknown,Male and female,Arm (shoulder to finger),2004,~,0,0
Unknown,Male and female,Arm (shoulder to finger),2005,~,0,0
Unknown,Male and female,Arm (shoulder to finger),2006,~,0,0
Unknown,Male and female,Arm (shoulder to finger),2007,~,0,0
Unknown,Male and female,Arm (shoulder to finger),2008,~,0,0
Unknown,Male and female,Arm (shoulder to finger),2009,~,0,0
Unknown,Male and female,Arm (shoulder to finger),2010,~,0,0
Unknown,Male and female,Arm (shoulder to finger),2011,~,0,0
Unknown,Male and female,Arm (shoulder to finger),2012,~,0,0
Unknown,Male and female,Arm (shoulder to finger),2013,~,0,0
Unknown,Male and female,Arm (shoulder to finger),2014,~,0,0
Unknown,Male and female,Arm (shoulder to finger),2015,~,0,0
Unknown,Male and female,Arm (shoulder to finger),2016,~,0,0
Unknown,Male and female,Arm (shoulder to finger),2017,~,0,0
Unknown,Male and female,Arm (shoulder to finger),2018,~,0,0
Unknown,Male and female,Arm (shoulder to finger),2019,~,0,0
Unknown,Male and female,Arm (shoulder to finger),2020,~,0,0
Unknown,Male and female,Arm (shoulder to finger),2021,~,0,0
Unknown,Male and female,Arm (shoulder to finger),2022,~,0,0
Unknown,Male and female,Leg (hip to toe),1975-2022,~,0,0
Unknown,Male and female,Leg (hip to toe),1975,~,0,0
Unknown,Male and female,Leg (hip to toe),1976,~,0,0
Unknown,Male and female,Leg (hip to toe),1977,~,0,0
Unknown,Male and female,Leg (hip to toe),1978,~,0,0
Unknown,Male and female,Leg (hip to toe),1979,~,0,0
Unknown,Male and female,Leg (hip to toe),1980,~,0,0
Unknown,Male and female,Leg (hip to toe),1981,~,0,0
Unknown,Male and female,Leg (hip to toe),1982,~,0,0
Unknown,Male and female,Leg (hip to toe),1983,~,0,0
Unknown,Male and female,Leg (hip to toe),1984,~,0,0
Unknown,Male and female,Leg (hip to toe),1985,~,0,0
Unknown,Male and female,Leg (hip to toe),1986,~,0,0
Unknown,Male and female,Leg (hip to toe),1987,~,0,0
Unknown,Male and female,Leg (hip to toe),1988,~,0,0
Unknown,Male and female,Leg (hip to toe),1989,~,0,0
Unknown,Male and female,Leg (hip to toe),1990,~,0,0
Unknown,Male and female,Leg (hip to toe),1991,~,0,0
Unknown,Male and female,Leg (hip to toe),1992,~,0,0
Unknown,Male and female,Leg (hip to toe),1993,~,0,0
Unknown,Male and female,Leg (hip to toe),1994,~,0,0
Unknown,Male and female,Leg (hip to toe),1995,~,0,0
Unknown,Male and female,Leg (hip to toe),1996,~,0,0
Unknown,Male and female,Leg (hip to toe),1997,~,0,0
Unknown,Male and female,Leg (hip to toe),1998,~,0,0
Unknown,Male and female,Leg (hip to toe),1999,~,0,0
Unknown,Male and female,Leg (hip to toe),2000,~,0,0
Unknown,Male and female,Leg (hip to toe),2001,~,0,0
Unknown,Male and female,Leg (hip to toe),2002,~,0,0
Unknown,Male and female,Leg (hip to toe),2003,~,0,0
Unknown,Male and female,Leg (hip to toe),2004,~,0,0
Unknown,Male and female,Leg (hip to toe),2005,~,0,0
Unknown,Male and female,Leg (hip to toe),2006,~,0,0
Unknown,Male and female,Leg (hip to toe),2007,~,0,0
Unknown,Male and female,Leg (hip to toe),2008,~,0,0
Unknown,Male and female,Leg (hip to toe),2009,~,0,0
Unknown,Male and female,Leg (hip to toe),2010,~,0,0
Unknown,Male and female,Leg (hip to toe),2011,~,0,0
Unknown,Male and female,Leg (hip to toe),2012,~,0,0
Unknown,Male and female,Leg (hip to toe),2013,~,0,0
Unknown,Male and female,Leg (hip to toe),2014,~,0,0
Unknown,Male and female,Leg (hip to toe),2015,~,0,0
Unknown,Male and female,Leg (hip to toe),2016,~,0,0
Unknown,Male and female,Leg (hip to toe),2017,~,0,0
Unknown,Male and female,Leg (hip to toe),2018,~,0,0
Unknown,Male and female,Leg (hip to toe),2019,~,0,0
Unknown,Male and female,Leg (hip to toe),2020,~,0,0
Unknown,Male and female,Leg (hip to toe),2021,~,0,0
Unknown,Male and female,Leg (hip to toe),2022,~,0,0
Unknown,Male,All sites,1975-2022,~,0,0
Unknown,Male,All sites,1975,~,0,0
Unknown,Male,All sites,1976,~,0,0
Unknown,Male,All sites,1977,~,0,0
Unknown,Male,All sites,1978,~,0,0
Unknown,Male,All sites,1979,~,0,0
Unknown,Male,All sites,1980,~,0,0
Unknown,Male,All sites,1981,~,0,0
Unknown,Male,All sites,1982,~,0,0
Unknown,Male,All sites,1983,~,0,0
Unknown,Male,All sites,1984,~,0,0
Unknown,Male,All sites,1985,~,0,0
Unknown,Male,All sites,1986,~,0,0
Unknown,Male,All sites,1987,~,0,0
Unknown,Male,All sites,1988,~,0,0
Unknown,Male,All sites,1989,~,0,0
Unknown,Male,All sites,1990,~,0,0
Unknown,Male,All sites,1991,~,0,0
Unknown,Male,All sites,1992,~,0,0
Unknown,Male,All sites,1993,~,0,0
Unknown,Male,All sites,1994,~,0,0
Unknown,Male,All sites,1995,~,0,0
Unknown,Male,All sites,1996,~,0,0
Unknown,Male,All sites,1997,~,0,0
Unknown,Male,All sites,1998,~,0,0
Unknown,Male,All sites,1999,~,0,0
Unknown,Male,All sites,2000,~,0,0
Unknown,Male,All sites,2001,~,0,0
Unknown,Male,All sites,2002,~,0,0
Unknown,Male,All sites,2003,~,0,0
Unknown,Male,All sites,2004,~,0,0
Unknown,Male,All sites,2005,~,0,0
Unknown,Male,All sites,2006,~,0,0
Unknown,Male,All sites,2007,~,0,0
Unknown,Male,All sites,2008,~,0,0
Unknown,Male,All sites,2009,~,0,0
Unknown,Male,All sites,2010,~,0,0
Unknown,Male,All sites,2011,~,0,0
Unknown,Male,All sites,2012,~,0,0
Unknown,Male,All sites,2013,~,0,0
Unknown,Male,All sites,2014,~,0,0
Unknown,Male,All sites,2015,~,0,0
Unknown,Male,All sites,2016,~,0,0
Unknown,Male,All sites,2017,~,0,0
Unknown,Male,All sites,2018,~,0,0
Unknown,Male,All sites,2019,~,0,0
Unknown,Male,All sites,2020,~,0,0
Unknown,Male,All sites,2021,~,0,0
Unknown,Male,All sites,2022,~,0,0
Unknown,Male,Head and Neck,1975-2022,~,0,0
Unknown,Male,Head and Neck,1975,~,0,0
Unknown,Male,Head and Neck,1976,~,0,0
Unknown,Male,Head and Neck,1977,~,0,0
Unknown,Male,Head and Neck,1978,~,0,0
Unknown,Male,Head and Neck,1979,~,0,0
Unknown,Male,Head and Neck,1980,~,0,0
Unknown,Male,Head and Neck,1981,~,0,0
Unknown,Male,Head and Neck,1982,~,0,0
Unknown,Male,Head and Neck,1983,~,0,0
Unknown,Male,Head and Neck,1984,~,0,0
Unknown,Male,Head and Neck,1985,~,0,0
Unknown,Male,Head and Neck,1986,~,0,0
Unknown,Male,Head and Neck,1987,~,0,0
Unknown,Male,Head and Neck,1988,~,0,0
Unknown,Male,Head and Neck,1989,~,0,0
Unknown,Male,Head and Neck,1990,~,0,0
Unknown,Male,Head and Neck,1991,~,0,0
Unknown,Male,Head and Neck,1992,~,0,0
Unknown,Male,Head and Neck,1993,~,0,0
Unknown,Male,Head and Neck,1994,~,0,0
Unknown,Male,Head and Neck,1995,~,0,0
Unknown,Male,Head and Neck,1996,~,0,0
Unknown,Male,Head and Neck,1997,~,0,0
Unknown,Male,Head and Neck,1998,~,0,0
Unknown,Male,Head and Neck,1999,~,0,0
Unknown,Male,Head and Neck,2000,~,0,0
Unknown,Male,Head and Neck,2001,~,0,0
Unknown,Male,Head and Neck,2002,~,0,0
Unknown,Male,Head and Neck,2003,~,0,0
Unknown,Male,Head and Neck,2004,~,0,0
Unknown,Male,Head and Neck,2005,~,0,0
Unknown,Male,Head and Neck,2006,~,0,0
Unknown,Male,Head and Neck,2007,~,0,0
Unknown,Male,Head and Neck,2008,~,0,0
Unknown,Male,Head and Neck,2009,~,0,0
Unknown,Male,Head and Neck,2010,~,0,0
Unknown,Male,Head and Neck,2011,~,0,0
Unknown,Male,Head and Neck,2012,~,0,0
Unknown,Male,Head and Neck,2013,~,0,0
Unknown,Male,Head and Neck,2014,~,0,0
Unknown,Male,Head and Neck,2015,~,0,0
Unknown,Male,Head and Neck,2016,~,0,0
Unknown,Male,Head and Neck,2017,~,0,0
Unknown,Male,Head and Neck,2018,~,0,0
Unknown,Male,Head and Neck,2019,~,0,0
Unknown,Male,Head and Neck,2020,~,0,0
Unknown,Male,Head and Neck,2021,~,0,0
Unknown,Male,Head and Neck,2022,~,0,0
Unknown,Male,Trunk,1975-2022,~,0,0
Unknown,Male,Trunk,1975,~,0,0
Unknown,Male,Trunk,1976,~,0,0
Unknown,Male,Trunk,1977,~,0,0
Unknown,Male,Trunk,1978,~,0,0
Unknown,Male,Trunk,1979,~,0,0
Unknown,Male,Trunk,1980,~,0,0
Unknown,Male,Trunk,1981,~,0,0
Unknown,Male,Trunk,1982,~,0,0
Unknown,Male,Trunk,1983,~,0,0
Unknown,Male,Trunk,1984,~,0,0
Unknown,Male,Trunk,1985,~,0,0
Unknown,Male,Trunk,1986,~,0,0
Unknown,Male,Trunk,1987,~,0,0
Unknown,Male,Trunk,1988,~,0,0
Unknown,Male,Trunk,1989,~,0,0
Unknown,Male,Trunk,1990,~,0,0
Unknown,Male,Trunk,1991,~,0,0
Unknown,Male,Trunk,1992,~,0,0
Unknown,Male,Trunk,1993,~,0,0
Unknown,Male,Trunk,1994,~,0,0
Unknown,Male,Trunk,1995,~,0,0
Unknown,Male,Trunk,1996,~,0,0
Unknown,Male,Trunk,1997,~,0,0
Unknown,Male,Trunk,1998,~,0,0
Unknown,Male,Trunk,1999,~,0,0
Unknown,Male,Trunk,2000,~,0,0
Unknown,Male,Trunk,2001,~,0,0
Unknown,Male,Trunk,2002,~,0,0
Unknown,Male,Trunk,2003,~,0,0
Unknown,Male,Trunk,2004,~,0,0
Unknown,Male,Trunk,2005,~,0,0
Unknown,Male,Trunk,2006,~,0,0
Unknown,Male,Trunk,2007,~,0,0
Unknown,Male,Trunk,2008,~,0,0
Unknown,Male,Trunk,2009,~,0,0
Unknown,Male,Trunk,2010,~,0,0
Unknown,Male,Trunk,2011,~,0,0
Unknown,Male,Trunk,2012,~,0,0
Unknown,Male,Trunk,2013,~,0,0
Unknown,Male,Trunk,2014,~,0,0
Unknown,Male,Trunk,2015,~,0,0
Unknown,Male,Trunk,2016,~,0,0
Unknown,Male,Trunk,2017,~,0,0
Unknown,Male,Trunk,2018,~,0,0
Unknown,Male,Trunk,2019,~,0,0
Unknown,Male,Trunk,2020,~,0,0
Unknown,Male,Trunk,2021,~,0,0
Unknown,Male,Trunk,2022,~,0,0
Unknown,Male,Arm (shoulder to finger),1975-2022,~,0,0
Unknown,Male,Arm (shoulder to finger),1975,~,0,0
Unknown,Male,Arm (shoulder to finger),1976,~,0,0
Unknown,Male,Arm (shoulder to finger),1977,~,0,0
Unknown,Male,Arm (shoulder to finger),1978,~,0,0
Unknown,Male,Arm (shoulder to finger),1979,~,0,0
Unknown,Male,Arm (shoulder to finger),1980,~,0,0
Unknown,Male,Arm (shoulder to finger),1981,~,0,0
Unknown,Male,Arm (shoulder to finger),1982,~,0,0
Unknown,Male,Arm (shoulder to finger),1983,~,0,0
Unknown,Male,Arm (shoulder to finger),1984,~,0,0
Unknown,Male,Arm (shoulder to finger),1985,~,0,0
Unknown,Male,Arm (shoulder to finger),1986,~,0,0
Unknown,Male,Arm (shoulder to finger),1987,~,0,0
Unknown,Male,Arm (shoulder to finger),1988,~,0,0
Unknown,Male,Arm (shoulder to finger),1989,~,0,0
Unknown,Male,Arm (shoulder to finger),1990,~,0,0
Unknown,Male,Arm (shoulder to finger),1991,~,0,0
Unknown,Male,Arm (shoulder to finger),1992,~,0,0
Unknown,Male,Arm (shoulder to finger),1993,~,0,0
Unknown,Male,Arm (shoulder to finger),1994,~,0,0
Unknown,Male,Arm (shoulder to finger),1995,~,0,0
Unknown,Male,Arm (shoulder to finger),1996,~,0,0
Unknown,Male,Arm (shoulder to finger),1997,~,0,0
Unknown,Male,Arm (shoulder to finger),1998,~,0,0
Unknown,Male,Arm (shoulder to finger),1999,~,0,0
Unknown,Male,Arm (shoulder to finger),2000,~,0,0
Unknown,Male,Arm (shoulder to finger),2001,~,0,0
Unknown,Male,Arm (shoulder to finger),2002,~,0,0
Unknown,Male,Arm (shoulder to finger),2003,~,0,0
Unknown,Male,Arm (shoulder to finger),2004,~,0,0
Unknown,Male,Arm (shoulder to finger),2005,~,0,0
Unknown,Male,Arm (shoulder to finger),2006,~,0,0
Unknown,Male,Arm (shoulder to finger),2007,~,0,0
Unknown,Male,Arm (shoulder to finger),2008,~,0,0
Unknown,Male,Arm (shoulder to finger),2009,~,0,0
Unknown,Male,Arm (shoulder to finger),2010,~,0,0
Unknown,Male,Arm (shoulder to finger),2011,~,0,0
Unknown,Male,Arm (shoulder to finger),2012,~,0,0
Unknown,Male,Arm (shoulder to finger),2013,~,0,0
Unknown,Male,Arm (shoulder to finger),2014,~,0,0
Unknown,Male,Arm (shoulder to finger),2015,~,0,0
Unknown,Male,Arm (shoulder to finger),2016,~,0,0
Unknown,Male,Arm (shoulder to finger),2017,~,0,0
Unknown,Male,Arm (shoulder to finger),2018,~,0,0
Unknown,Male,Arm (shoulder to finger),2019,~,0,0
Unknown,Male,Arm (shoulder to finger),2020,~,0,0
Unknown,Male,Arm (shoulder to finger),2021,~,0,0
Unknown,Male,Arm (shoulder to finger),2022,~,0,0
Unknown,Male,Leg (hip to toe),1975-2022,~,0,0
Unknown,Male,Leg (hip to toe),1975,~,0,0
Unknown,Male,Leg (hip to toe),1976,~,0,0
Unknown,Male,Leg (hip to toe),1977,~,0,0
Unknown,Male,Leg (hip to toe),1978,~,0,0
Unknown,Male,Leg (hip to toe),1979,~,0,0
Unknown,Male,Leg (hip to toe),1980,~,0,0
Unknown,Male,Leg (hip to toe),1981,~,0,0
Unknown,Male,Leg (hip to toe),1982,~,0,0
Unknown,Male,Leg (hip to toe),1983,~,0,0
Unknown,Male,Leg (hip to toe),1984,~,0,0
Unknown,Male,Leg (hip to toe),1985,~,0,0
Unknown,Male,Leg (hip to toe),1986,~,0,0
Unknown,Male,Leg (hip to toe),1987,~,0,0
Unknown,Male,Leg (hip to toe),1988,~,0,0
Unknown,Male,Leg (hip to toe),1989,~,0,0
Unknown,Male,Leg (hip to toe),1990,~,0,0
Unknown,Male,Leg (hip to toe),1991,~,0,0
Unknown,Male,Leg (hip to toe),1992,~,0,0
Unknown,Male,Leg (hip to toe),1993,~,0,0
Unknown,Male,Leg (hip to toe),1994,~,0,0
Unknown,Male,Leg (hip to toe),1995,~,0,0
Unknown,Male,Leg (hip to toe),1996,~,0,0
Unknown,Male,Leg (hip to toe),1997,~,0,0
Unknown,Male,Leg (hip to toe),1998,~,0,0
Unknown,Male,Leg (hip to toe),1999,~,0,0
Unknown,Male,Leg (hip to toe),2000,~,0,0
Unknown,Male,Leg (hip to toe),2001,~,0,0
Unknown,Male,Leg (hip to toe),2002,~,0,0
Unknown,Male,Leg (hip to toe),2003,~,0,0
Unknown,Male,Leg (hip to toe),2004,~,0,0
Unknown,Male,Leg (hip to toe),2005,~,0,0
Unknown,Male,Leg (hip to toe),2006,~,0,0
Unknown,Male,Leg (hip to toe),2007,~,0,0
Unknown,Male,Leg (hip to toe),2008,~,0,0
Unknown,Male,Leg (hip to toe),2009,~,0,0
Unknown,Male,Leg (hip to toe),2010,~,0,0
Unknown,Male,Leg (hip to toe),2011,~,0,0
Unknown,Male,Leg (hip to toe),2012,~,0,0
Unknown,Male,Leg (hip to toe),2013,~,0,0
Unknown,Male,Leg (hip to toe),2014,~,0,0
Unknown,Male,Leg (hip to toe),2015,~,0,0
Unknown,Male,Leg (hip to toe),2016,~,0,0
Unknown,Male,Leg (hip to toe),2017,~,0,0
Unknown,Male,Leg (hip to toe),2018,~,0,0
Unknown,Male,Leg (hip to toe),2019,~,0,0
Unknown,Male,Leg (hip to toe),2020,~,0,0
Unknown,Male,Leg (hip to toe),2021,~,0,0
Unknown,Male,Leg (hip to toe),2022,~,0,0
Unknown,Female,All sites,1975-2022,~,0,0
Unknown,Female,All sites,1975,~,0,0
Unknown,Female,All sites,1976,~,0,0
Unknown,Female,All sites,1977,~,0,0
Unknown,Female,All sites,1978,~,0,0
Unknown,Female,All sites,1979,~,0,0
Unknown,Female,All sites,1980,~,0,0
Unknown,Female,All sites,1981,~,0,0
Unknown,Female,All sites,1982,~,0,0
Unknown,Female,All sites,1983,~,0,0
Unknown,Female,All sites,1984,~,0,0
Unknown,Female,All sites,1985,~,0,0
Unknown,Female,All sites,1986,~,0,0
Unknown,Female,All sites,1987,~,0,0
Unknown,Female,All sites,1988,~,0,0
Unknown,Female,All sites,1989,~,0,0
Unknown,Female,All sites,1990,~,0,0
Unknown,Female,All sites,1991,~,0,0
Unknown,Female,All sites,1992,~,0,0
Unknown,Female,All sites,1993,~,0,0
Unknown,Female,All sites,1994,~,0,0
Unknown,Female,All sites,1995,~,0,0
Unknown,Female,All sites,1996,~,0,0
Unknown,Female,All sites,1997,~,0,0
Unknown,Female,All sites,1998,~,0,0
Unknown,Female,All sites,1999,~,0,0
Unknown,Female,All sites,2000,~,0,0
Unknown,Female,All sites,2001,~,0,0
Unknown,Female,All sites,2002,~,0,0
Unknown,Female,All sites,2003,~,0,0
Unknown,Female,All sites,2004,~,0,0
Unknown,Female,All sites,2005,~,0,0
Unknown,Female,All sites,2006,~,0,0
Unknown,Female,All sites,2007,~,0,0
Unknown,Female,All sites,2008,~,0,0
Unknown,Female,All sites,2009,~,0,0
Unknown,Female,All sites,2010,~,0,0
Unknown,Female,All sites,2011,~,0,0
Unknown,Female,All sites,2012,~,0,0
Unknown,Female,All sites,2013,~,0,0
Unknown,Female,All sites,2014,~,0,0
Unknown,Female,All sites,2015,~,0,0
Unknown,Female,All sites,2016,~,0,0
Unknown,Female,All sites,2017,~,0,0
Unknown,Female,All sites,2018,~,0,0
Unknown,Female,All sites,2019,~,0,0
Unknown,Female,All sites,2020,~,0,0
Unknown,Female,All sites,2021,~,0,0
Unknown,Female,All sites,2022,~,0,0
Unknown,Female,Head and Neck,1975-2022,~,0,0
Unknown,Female,Head and Neck,1975,~,0,0
Unknown,Female,Head and Neck,1976,~,0,0
Unknown,Female,Head and Neck,1977,~,0,0
Unknown,Female,Head and Neck,1978,~,0,0
Unknown,Female,Head and Neck,1979,~,0,0
Unknown,Female,Head and Neck,1980,~,0,0
Unknown,Female,Head and Neck,1981,~,0,0
Unknown,Female,Head and Neck,1982,~,0,0
Unknown,Female,Head and Neck,1983,~,0,0
Unknown,Female,Head and Neck,1984,~,0,0
Unknown,Female,Head and Neck,1985,~,0,0
Unknown,Female,Head and Neck,1986,~,0,0
Unknown,Female,Head and Neck,1987,~,0,0
Unknown,Female,Head and Neck,1988,~,0,0
Unknown,Female,Head and Neck,1989,~,0,0
Unknown,Female,Head and Neck,1990,~,0,0
Unknown,Female,Head and Neck,1991,~,0,0
Unknown,Female,Head and Neck,1992,~,0,0
Unknown,Female,Head and Neck,1993,~,0,0
Unknown,Female,Head and Neck,1994,~,0,0
Unknown,Female,Head and Neck,1995,~,0,0
Unknown,Female,Head and Neck,1996,~,0,0
Unknown,Female,Head and Neck,1997,~,0,0
Unknown,Female,Head and Neck,1998,~,0,0
Unknown,Female,Head and Neck,1999,~,0,0
Unknown,Female,Head and Neck,2000,~,0,0
Unknown,Female,Head and Neck,2001,~,0,0
Unknown,Female,Head and Neck,2002,~,0,0
Unknown,Female,Head and Neck,2003,~,0,0
Unknown,Female,Head and Neck,2004,~,0,0
Unknown,Female,Head and Neck,2005,~,0,0
Unknown,Female,Head and Neck,2006,~,0,0
Unknown,Female,Head and Neck,2007,~,0,0
Unknown,Female,Head and Neck,2008,~,0,0
Unknown,Female,Head and Neck,2009,~,0,0
Unknown,Female,Head and Neck,2010,~,0,0
Unknown,Female,Head and Neck,2011,~,0,0
Unknown,Female,Head and Neck,2012,~,0,0
Unknown,Female,Head and Neck,2013,~,0,0
Unknown,Female,Head and Neck,2014,~,0,0
Unknown,Female,Head and Neck,2015,~,0,0
Unknown,Female,Head and Neck,2016,~,0,0
Unknown,Female,Head and Neck,2017,~,0,0
Unknown,Female,Head and Neck,2018,~,0,0
Unknown,Female,Head and Neck,2019,~,0,0
Unknown,Female,Head and Neck,2020,~,0,0
Unknown,Female,Head and Neck,2021,~,0,0
Unknown,Female,Head and Neck,2022,~,0,0
Unknown,Female,Trunk,1975-2022,~,0,0
Unknown,Female,Trunk,1975,~,0,0
Unknown,Female,Trunk,1976,~,0,0
Unknown,Female,Trunk,1977,~,0,0
Unknown,Female,Trunk,1978,~,0,0
Unknown,Female,Trunk,1979,~,0,0
Unknown,Female,Trunk,1980,~,0,0
Unknown,Female,Trunk,1981,~,0,0
Unknown,Female,Trunk,1982,~,0,0
Unknown,Female,Trunk,1983,~,0,0
Unknown,Female,Trunk,1984,~,0,0
Unknown,Female,Trunk,1985,~,0,0
Unknown,Female,Trunk,1986,~,0,0
Unknown,Female,Trunk,1987,~,0,0
Unknown,Female,Trunk,1988,~,0,0
Unknown,Female,Trunk,1989,~,0,0
Unknown,Female,Trunk,1990,~,0,0
Unknown,Female,Trunk,1991,~,0,0
Unknown,Female,Trunk,1992,~,0,0
Unknown,Female,Trunk,1993,~,0,0
Unknown,Female,Trunk,1994,~,0,0
Unknown,Female,Trunk,1995,~,0,0
Unknown,Female,Trunk,1996,~,0,0
Unknown,Female,Trunk,1997,~,0,0
Unknown,Female,Trunk,1998,~,0,0
Unknown,Female,Trunk,1999,~,0,0
Unknown,Female,Trunk,2000,~,0,0
Unknown,Female,Trunk,2001,~,0,0
Unknown,Female,Trunk,2002,~,0,0
Unknown,Female,Trunk,2003,~,0,0
Unknown,Female,Trunk,2004,~,0,0
Unknown,Female,Trunk,2005,~,0,0
Unknown,Female,Trunk,2006,~,0,0
Unknown,Female,Trunk,2007,~,0,0
Unknown,Female,Trunk,2008,~,0,0
Unknown,Female,Trunk,2009,~,0,0
Unknown,Female,Trunk,2010,~,0,0
Unknown,Female,Trunk,2011,~,0,0
Unknown,Female,Trunk,2012,~,0,0
Unknown,Female,Trunk,2013,~,0,0
Unknown,Female,Trunk,2014,~,0,0
Unknown,Female,Trunk,2015,~,0,0
Unknown,Female,Trunk,2016,~,0,0
Unknown,Female,Trunk,2017,~,0,0
Unknown,Female,Trunk,2018,~,0,0
Unknown,Female,Trunk,2019,~,0,0
Unknown,Female,Trunk,2020,~,0,0
Unknown,Female,Trunk,2021,~,0,0
Unknown,Female,Trunk,2022,~,0,0
Unknown,Female,Arm (shoulder to finger),1975-2022,~,0,0
Unknown,Female,Arm (shoulder to finger),1975,~,0,0
Unknown,Female,Arm (shoulder to finger),1976,~,0,0
Unknown,Female,Arm (shoulder to finger),1977,~,0,0
Unknown,Female,Arm (shoulder to finger),1978,~,0,0
Unknown,Female,Arm (shoulder to finger),1979,~,0,0
Unknown,Female,Arm (shoulder to finger),1980,~,0,0
Unknown,Female,Arm (shoulder to finger),1981,~,0,0
Unknown,Female,Arm (shoulder to finger),1982,~,0,0
Unknown,Female,Arm (shoulder to finger),1983,~,0,0
Unknown,Female,Arm (shoulder to finger),1984,~,0,0
Unknown,Female,Arm (shoulder to finger),1985,~,0,0
Unknown,Female,Arm (shoulder to finger),1986,~,0,0
Unknown,Female,Arm (shoulder to finger),1987,~,0,0
Unknown,Female,Arm (shoulder to finger),1988,~,0,0
Unknown,Female,Arm (shoulder to finger),1989,~,0,0
Unknown,Female,Arm (shoulder to finger),1990,~,0,0
Unknown,Female,Arm (shoulder to finger),1991,~,0,0
Unknown,Female,Arm (shoulder to finger),1992,~,0,0
Unknown,Female,Arm (shoulder to finger),1993,~,0,0
Unknown,Female,Arm (shoulder to finger),1994,~,0,0
Unknown,Female,Arm (shoulder to finger),1995,~,0,0
Unknown,Female,Arm (shoulder to finger),1996,~,0,0
Unknown,Female,Arm (shoulder to finger),1997,~,0,0
Unknown,Female,Arm (shoulder to finger),1998,~,0,0
Unknown,Female,Arm (shoulder to finger),1999,~,0,0
Unknown,Female,Arm (shoulder to finger),2000,~,0,0
Unknown,Female,Arm (shoulder to finger),2001,~,0,0
Unknown,Female,Arm (shoulder to finger),2002,~,0,0
Unknown,Female,Arm (shoulder to finger),2003,~,0,0
Unknown,Female,Arm (shoulder to finger),2004,~,0,0
Unknown,Female,Arm (shoulder to finger),2005,~,0,0
Unknown,Female,Arm (shoulder to finger),2006,~,0,0
Unknown,Female,Arm (shoulder to finger),2007,~,0,0
Unknown,Female,Arm (shoulder to finger),2008,~,0,0
Unknown,Female,Arm (shoulder to finger),2009,~,0,0
Unknown,Female,Arm (shoulder to finger),2010,~,0,0
Unknown,Female,Arm (shoulder to finger),2011,~,0,0
Unknown,Female,Arm (shoulder to finger),2012,~,0,0
Unknown,Female,Arm (shoulder to finger),2013,~,0,0
Unknown,Female,Arm (shoulder to finger),2014,~,0,0
Unknown,Female,Arm (shoulder to finger),2015,~,0,0
Unknown,Female,Arm (shoulder to finger),2016,~,0,0
Unknown,Female,Arm (shoulder to finger),2017,~,0,0
Unknown,Female,Arm (shoulder to finger),2018,~,0,0
Unknown,Female,Arm (shoulder to finger),2019,~,0,0
Unknown,Female,Arm (shoulder to finger),2020,~,0,0
Unknown,Female,Arm (shoulder to finger),2021,~,0,0
Unknown,Female,Arm (shoulder to finger),2022,~,0,0
Unknown,Female,Leg (hip to toe),1975-2022,~,0,0
Unknown,Female,Leg (hip to toe),1975,~,0,0
Unknown,Female,Leg (hip to toe),1976,~,0,0
Unknown,Female,Leg (hip to toe),1977,~,0,0
Unknown,Female,Leg (hip to toe),1978,~,0,0
Unknown,Female,Leg (hip to toe),1979,~,0,0
Unknown,Female,Leg (hip to toe),1980,~,0,0
Unknown,Female,Leg (hip to toe),1981,~,0,0
Unknown,Female,Leg (hip to toe),1982,~,0,0
Unknown,Female,Leg (hip to toe),1983,~,0,0
Unknown,Female,Leg (hip to toe),1984,~,0,0
Unknown,Female,Leg (hip to toe),1985,~,0,0
Unknown,Female,Leg (hip to toe),1986,~,0,0
Unknown,Female,Leg (hip to toe),1987,~,0,0
Unknown,Female,Leg (hip to toe),1988,~,0,0
Unknown,Female,Leg (hip to toe),1989,~,0,0
Unknown,Female,Leg (hip to toe),1990,~,0,0
Unknown,Female,Leg (hip to toe),1991,~,0,0
Unknown,Female,Leg (hip to toe),1992,~,0,0
Unknown,Female,Leg (hip to toe),1993,~,0,0
Unknown,Female,Leg (hip to toe),1994,~,0,0
Unknown,Female,Leg (hip to toe),1995,~,0,0
Unknown,Female,Leg (hip to toe),1996,~,0,0
Unknown,Female,Leg (hip to toe),1997,~,0,0
Unknown,Female,Leg (hip to toe),1998,~,0,0
Unknown,Female,Leg (hip to toe),1999,~,0,0
Unknown,Female,Leg (hip to toe),2000,~,0,0
Unknown,Female,Leg (hip to toe),2001,~,0,0
Unknown,Female,Leg (hip to toe),2002,~,0,0
Unknown,Female,Leg (hip to toe),2003,~,0,0
Unknown,Female,Leg (hip to toe),2004,~,0,0
Unknown,Female,Leg (hip to toe),2005,~,0,0
Unknown,Female,Leg (hip to toe),2006,~,0,0
Unknown,Female,Leg (hip to toe),2007,~,0,0
Unknown,Female,Leg (hip to toe),2008,~,0,0
Unknown,Female,Leg (hip to toe),2009,~,0,0
Unknown,Female,Leg (hip to toe),2010,~,0,0
Unknown,Female,Leg (hip to toe),2011,~,0,0
Unknown,Female,Leg (hip to toe),2012,~,0,0
Unknown,Female,Leg (hip to toe),2013,~,0,0
Unknown,Female,Leg (hip to toe),2014,~,0,0
Unknown,Female,Leg (hip to toe),2015,~,0,0
Unknown,Female,Leg (hip to toe),2016,~,0,0
Unknown,Female,Leg (hip to toe),2017,~,0,0
Unknown,Female,Leg (hip to toe),2018,~,0,0
Unknown,Female,Leg (hip to toe),2019,~,0,0
Unknown,Female,Leg (hip to toe),2020,~,0,0
Unknown,Female,Leg (hip to toe),2021,~,0,0
Unknown,Female,Leg (hip to toe),2022,~,0,0
